MPN;Repères;Quantité PCB;Valeur;Fabricant;Symbole;Fichier symbole;Empreinte;3D;Type 3D;PDF technique;Source PDF;Fournisseur France;Référence commande;Prix unitaire EUR HT;Quantité tarif / minimum;Stock relevé;Date consultation;Lien achat;Remarques achat;Contrôle PDF
CL05A475MP5NRNC;C1, C44, C45, C46;4;4.7u;Samsung Electro-Mechanics;"FC01_Project:MCU__C_Small; FC01_Project:SENSORS__C_Small";composants/kicad/FC01_Project.kicad_sym;composants/kicad/vendor/Capacitor_SMD.pretty/C_0402_1005Metric.kicad_mod;composants/3d/C_0402_1005Metric.step;KiCad, geometrie generique du boitier;composants/pdf/CL05A475MP5NRN.pdf;https://product.samsungsem.com/part/download.do?masterKey=CL05A475MP5NRN&type=specsheet;DigiKey France;1276-1482-1-ND;0.09;1;0;2026-09-27;https://www.digikey.fr/en/products/detail/samsung-electro-mechanics/CL05A475MP5NRNC/3889568;"Relevé web; stock et prix variables.";composants/controle/CL05A475MP5NRNC.pdf
CL05B104KO5NNNC;C2, C3, C4, C5, C6, C8, C9, C11, C12, C15, C33, C34, C35, C36, C38, C39, C40, C41, C42, C43, C47, C48, C49, C50, C51, C52, C53, C54, C55, C56, C58;31;100n;Samsung Electro-Mechanics;"FC01_Project:ANALOG_SENS__C_Small; FC01_Project:CAN__C_Small; FC01_Project:MCU__C_Small; FC01_Project:MICRO_SD__C_Small; FC01_Project:SENSORS__C_Small; FC01_Project:UART_I2C__C_Small";composants/kicad/FC01_Project.kicad_sym;composants/kicad/vendor/Capacitor_SMD.pretty/C_0402_1005Metric.kicad_mod;composants/3d/C_0402_1005Metric.step;KiCad, geometrie generique du boitier;composants/pdf/CL05B104KO5NNN.pdf;https://product.samsungsem.com/part/download.do?masterKey=CL05B104KO5NNN&type=specsheet;DigiKey France;1276-1001-1-ND;0.09;1;103052;2026-09-27;https://www.digikey.fr/fr/products/detail/samsung-electro-mechanics/CL05B104KO5NNNC/3889087;"Relevé web; stock et prix variables.";composants/controle/CL05B104KO5NNNC.pdf
C1005X5R1C225M050BC;C7, C10;2;2.2u;TDK;FC01_Project:MCU__C_Small;composants/kicad/FC01_Project.kicad_sym;composants/kicad/vendor/Capacitor_SMD.pretty/C_0402_1005Metric.kicad_mod;composants/3d/C_0402_1005Metric.step;KiCad, geometrie generique du boitier;composants/pdf/TDK_C.pdf;https://product.tdk.com/system/files/dam/doc/product/capacitor/ceramic/mlcc/catalog/mlcc_commercial_general_en.pdf;Farnell France;2525017;0.104;10;1310;2026-09-27;https://fr.farnell.com/tdk/c1005x5r1c225m050bc/condensateur-2-2-f-16v-20-x5r/dp/2525017;"Minimum et multiple 10; source indexee il y a 5 mois, stock actuel A RECONFIRMER; disponible jusqu a epuisement.";composants/controle/C1005X5R1C225M050BC.pdf
CL05A105KA5NQNC;C14, C57;2;1u;Samsung Electro-Mechanics;"FC01_Project:MCU__C_Small; FC01_Project:MICRO_SD__C_Small";composants/kicad/FC01_Project.kicad_sym;composants/kicad/vendor/Capacitor_SMD.pretty/C_0402_1005Metric.kicad_mod;composants/3d/C_0402_1005Metric.step;KiCad, geometrie generique du boitier;composants/pdf/CL05A105KA5NQN.pdf;https://product.samsungsem.com/part/download.do?masterKey=CL05A105KA5NQN&type=specsheet;DigiKey France;1276-1445-1-ND;0.16;1;2318576;2026-09-27;https://www.digikey.fr/fr/products/detail/samsung-electro-mechanics/CL05A105KA5NQNC/3887103;"Relevé web; stock et prix variables.";composants/controle/CL05A105KA5NQNC.pdf
GRM21BR61H106KE43L;C16, C18, C37;3;10u;Murata Electronics;"FC01_Project:POWER__C_Small; FC01_Project:UART_I2C__C_Small";composants/kicad/FC01_Project.kicad_sym;composants/kicad/vendor/Capacitor_SMD.pretty/C_0805_2012Metric.kicad_mod;composants/3d/C_0805_2012Metric.step;KiCad, geometrie generique du boitier;composants/pdf/GRM21.pdf;https://www.mouser.com/datasheet/2/281/1/GRM21BR61H106KE43_01A-1986884.pdf;DigiKey France;490-18663-1-ND;0.28;1;0;2026-09-27;https://www.digikey.fr/en/products/detail/murata-electronics/GRM21BR61H106KE43L/10326316;"Relevé web; stock et prix variables.";composants/controle/GRM21BR61H106KE43L.pdf
GCM155R71H104KE02D;C17, C19, C21, C22, C25, C28;6;100n;Murata Electronics;FC01_Project:POWER__C_Small;composants/kicad/FC01_Project.kicad_sym;composants/kicad/vendor/Capacitor_SMD.pretty/C_0402_1005Metric.kicad_mod;composants/3d/C_0402_1005Metric.step;KiCad, geometrie generique du boitier;composants/pdf/GCM155.pdf;https://www.mouser.com/datasheet/2/281/murata_mlcc-1186242.pdf;DigiKey France;490-10672-1-ND;0.09;1;16172272;2026-09-27;https://www.digikey.fr/fr/products/detail/murata-electronics/GCM155R71H104KE02D/5251433;"Relevé web; stock et prix variables.";composants/controle/GCM155R71H104KE02D.pdf
CL10A105KB8NNNC;C20;1;1u;Samsung Electro-Mechanics;FC01_Project:POWER__C_Small;composants/kicad/FC01_Project.kicad_sym;composants/kicad/vendor/Capacitor_SMD.pretty/C_0603_1608Metric.kicad_mod;composants/3d/C_0603_1608Metric.step;KiCad, geometrie generique du boitier;composants/pdf/CL10A105KB8NNN.pdf;https://product.samsungsem.com/part/download.do?masterKey=CL10A105KB8NNN&type=specsheet;DigiKey France;1276-1860-1-ND;0.12;1;1025442;2026-09-27;https://www.digikey.fr/fr/products/detail/samsung-electro-mechanics/CL10A105KB8NNNC/3887518;"Relevé web; stock et prix variables.";composants/controle/CL10A105KB8NNNC.pdf
CL21A226MAYNNNE;C23, C24, C26, C27;4;22u;Samsung Electro-Mechanics;FC01_Project:POWER__C_Small;composants/kicad/FC01_Project.kicad_sym;composants/kicad/vendor/Capacitor_SMD.pretty/C_0805_2012Metric.kicad_mod;composants/3d/C_0805_2012Metric.step;KiCad, geometrie generique du boitier;composants/pdf/CL21A226MAYNNN.pdf;https://product.samsungsem.com/part/download.do?masterKey=CL21A226MAYNNN&type=specsheet;DigiKey France;1276-CL21A226MAYNNNECT-ND;0.27;1;0;2026-09-27;https://www.digikey.fr/fr/products/detail/samsung-electro-mechanics/CL21A226MAYNNNE/10479857;"Relevé web; stock et prix variables.";composants/controle/CL21A226MAYNNNE.pdf
CL10A475KO8NNNC;C29, C30, C31, C32;4;4.7u;Samsung Electro-Mechanics;FC01_Project:POWER__C_Small;composants/kicad/FC01_Project.kicad_sym;composants/kicad/vendor/Capacitor_SMD.pretty/C_0603_1608Metric.kicad_mod;composants/3d/C_0603_1608Metric.step;KiCad, geometrie generique du boitier;composants/pdf/CL10A475KO8NNN.pdf;https://product.samsungsem.com/part/download.do?masterKey=CL10A475KO8NNN&type=specsheet;DigiKey France;1276-1784-1-ND;0.12;1;1213;2026-09-27;https://www.digikey.fr/fr/products/detail/samsung-electro-mechanics/CL10A475KO8NNNC/3887442;"Relevé web; stock et prix variables.";composants/controle/CL10A475KO8NNNC.pdf
19-337/R6GHBHC-M01/2T;D1;1;19-337/R6GHBHC-M01/2T;Everlight Electronics;FC01_Project:MCU__LED_RGB_EP_1;composants/kicad/FC01_Project.kicad_sym;composants/kicad/footprints.pretty/Everlight_19-337_1.6x1.6mm.kicad_mod;composants/3d/Everlight_19-337_envelope.step;"ENVELOPPE RECONSTRUITE: volume du boitier uniquement; contacts et tolerances non representes";composants/pdf/D1_datasheet.pdf;https://uploadcdn.oneyac.com/attachments/files/brand_pdf/everlight/BB/85/19337R6GHBHCM012T.pdf;Farnell / RS / DigiKey France;;;;;2026-09-27;;Reference exacte: offre France, prix et stock non confirmes. Ne pas commander via une substitution implicite.;composants/controle/19-337_R6GHBHC-M01_2T.pdf
SMAJ30CA-13-F;D2;1;SMAJ30CA;Diodes Incorporated;FC01_Project:POWER__SMAJ30CA;composants/kicad/FC01_Project.kicad_sym;composants/kicad/footprints.pretty/Diodes_SMA_SMAJ30CA.kicad_mod;composants/3d/D_SMA.step;KiCad, geometrie generique du boitier;composants/pdf/SMAJ30CA.pdf;https://www.mouser.com/datasheet/2/115/DIOD_S_A0011538071_1-2543697.pdf;DigiKey France;SMAJ30CA-FDICT-ND;0.51;1;119641;2026-09-27;https://www.digikey.fr/en/products/detail/diodes-incorporated/SMAJ30CA-13-F/768797;"Relevé web; stock et prix variables.";composants/controle/SMAJ30CA-13-F.pdf
PMEG4030ER,115;D3;1;PMEG4030ER,115;Nexperia;FC01_Project:POWER__1N5819WS;composants/kicad/FC01_Project.kicad_sym;composants/kicad/vendor/Diode_SMD.pretty/Nexperia_CFP3_SOD-123W.kicad_mod;composants/3d/Nexperia_CFP3_SOD-123W.step;KiCad, geometrie generique du boitier;composants/pdf/PMEG4030ER.pdf;https://www.mouser.com/datasheet/2/916/PMEG4030ER-2938673.pdf;DigiKey France;1727-5313-1-ND;0.51;1;201856;2026-09-27;https://www.digikey.fr/fr/products/detail/nexperia-usa-inc/PMEG4030ER-115/2676789;"Relevé web; stock et prix variables.";composants/controle/PMEG4030ER_115.pdf
1N5819HW-7-F;D4;1;1N5819HW-7-F;Diodes Incorporated;FC01_Project:POWER__1N5819WS;composants/kicad/FC01_Project.kicad_sym;composants/kicad/vendor/Diode_SMD.pretty/D_SOD-123.kicad_mod;composants/3d/D_SOD-123.step;KiCad, geometrie generique du boitier;composants/pdf/1N5819HW.pdf;https://media.digikey.com/pdf/Data%20Sheets/Diodes%20PDFs/1n5819hw%20%202.pdf;DigiKey France;1N5819HW-FDICT-ND;0.27;1;711720;2026-09-27;https://www.digikey.fr/fr/products/detail/diodes-incorporated/1N5819HW-7-F/814970;"Relevé web; stock et prix variables.";composants/controle/1N5819HW-7-F.pdf
PESD2CANFD24V-TR;D5;1;PESD2CAN;Nexperia;FC01_Project:CAN__PESD2CAN;composants/kicad/FC01_Project.kicad_sym;composants/kicad/vendor/Package_TO_SOT_SMD.pretty/SOT-23.kicad_mod;composants/3d/SOT-23.step;KiCad, geometrie generique du boitier;composants/pdf/PESD2CANFD24V.pdf;https://www.rxelectronics.sg/datasheet/b9/pesd2canfd24v-tr.pdf;DigiKey France;1727-PESD2CANFD24V-CT-ND;0.4;1;594;2026-09-27;https://www.digikey.fr/fr/products/detail/nexperia-usa-inc/PESD2CANFD24V-TR/11487035;"Relevé web; stock et prix variables.";composants/controle/PESD2CANFD24V-TR.pdf
BLM15AG601SN1D;FB1;1;600Ω@100MHz;Murata Electronics;FC01_Project:MCU__FerriteBead_Small;composants/kicad/FC01_Project.kicad_sym;composants/kicad/vendor/Inductor_SMD.pretty/L_0402_1005Metric.kicad_mod;composants/3d/L_0402_1005Metric.step;KiCad, geometrie generique du boitier;composants/pdf/BLM15.pdf;https://www.mouser.com/datasheet/2/281/ENFA0018-1218469.pdf;DigiKey France;490-1006-1-ND;0.09;1;1305813;2026-09-27;https://www.digikey.fr/fr/products/detail/murata-electronics/BLM15AG601SN1D/584217;"Relevé web; stock et prix variables.";composants/controle/BLM15AG601SN1D.pdf
10067099-200LF;J12;1;10067099-200LF;Amphenol ICC (FCI);FC01_Project:MICRO_SD__Micro_SD_Card;composants/kicad/FC01_Project.kicad_sym;composants/kicad/footprints.pretty/Amphenol_10067099-200LF_RevH.kicad_mod;composants/3d/Amphenol_10067099-200LF_aligned.step;"STEP fournisseur fourni par utilisateur; orientation rapprochee du plan Rev.H";composants/pdf/10067099.pdf;https://www.mouser.com/datasheet/2/18/1/10067099-2577377.pdf;DigiKey France;609-5773-1-ND;0.78;1;32954;2026-09-27;https://www.digikey.fr/fr/products/detail/amphenol-icc-fci/10067099-200LF/4238739;"Relevé web; stock et prix variables.";composants/controle/10067099-200LF.pdf
XGL4030-332MEC;L1, L2;2;3.3u;Coilcraft;FC01_Project:POWER__L;composants/kicad/FC01_Project.kicad_sym;composants/kicad/footprints.pretty/L_Coilcraft_XGL4030.kicad_mod;composants/3d/Coilcraft_XGL4030_envelope.step;"ENVELOPPE RECONSTRUITE: volume du boitier uniquement; contacts et tolerances non representes";composants/pdf/XGL4030_mirror.pdf;https://xonstorage.z8.web.core.windows.net/pdf/coilcraft_xgl4030222mec_apr22_xonlink.pdf;Farnell / RS / DigiKey France;;;;;2026-09-27;;Reference exacte: offre France, prix et stock non confirmes. Ne pas commander via une substitution implicite.;composants/controle/XGL4030-332MEC.pdf
AO3400A;Q1;1;AO3400A;Alpha & Omega Semiconductor;FC01_Project:BUZZER__AO3400A;composants/kicad/FC01_Project.kicad_sym;composants/kicad/vendor/Package_TO_SOT_SMD.pretty/SOT-23.kicad_mod;composants/3d/SOT-23.step;KiCad, geometrie generique du boitier;composants/pdf/Q1_datasheet.pdf;https://aosmd.com/res/data_sheets/AO3400A.pdf;DigiKey France;785-1000-1-ND;0.45;1;303659;2026-09-27;https://www.digikey.fr/fr/products/detail/alpha-omega-semiconductor-inc/AO3400A/1855942;"Relevé web; stock et prix variables.";composants/controle/AO3400A.pdf
0402WGF5101TCE;R1, R2;2;5.1K;UNI-ROYAL(Uniroyal Elec);FC01_Project:H743_Ardupilot__R_Small;composants/kicad/FC01_Project.kicad_sym;composants/kicad/vendor/Resistor_SMD.pretty/R_0402_1005Metric.kicad_mod;composants/3d/R_0402_1005Metric.step;KiCad, geometrie generique du boitier;composants/pdf/Royalohm.pdf;https://www.royalohm.com/assets/pdf/products/smd/1.pdf;Farnell / RS / DigiKey France;;;;;2026-09-27;;Reference exacte: offre France, prix et stock non confirmes. Ne pas commander via une substitution implicite.;composants/controle/0402WGF5101TCE.pdf
RC0402FR-07220RL;R3, R4, R5;3;220R;YAGEO;FC01_Project:MCU__R_Small;composants/kicad/FC01_Project.kicad_sym;composants/kicad/vendor/Resistor_SMD.pretty/R_0402_1005Metric.kicad_mod;composants/3d/R_0402_1005Metric.step;KiCad, geometrie generique du boitier;composants/pdf/Yageo_RC.pdf;https://www.mouser.com/datasheet/2/447/PYu-RC0402_51_RoHS_L_6_r-8721.pdf;DigiKey France;311-220LRCT-ND;0.09;1;889327;2026-09-27;https://www.digikey.fr/fr/products/detail/yageo/RC0402FR-07220RL/726565;"Relevé web; stock et prix variables.";composants/controle/RC0402FR-07220RL.pdf
RC0402FR-0710KL;R6, R12, R13, R14, R16, R17, R40, R41, R42, R43, R44, R45, R46;13;10K;YAGEO;"FC01_Project:ANALOG_SENS__R_Small; FC01_Project:BUZZER__R_Small; FC01_Project:MCU__R_Small; FC01_Project:MICRO_SD__R_Small; FC01_Project:POWER__R_Small";composants/kicad/FC01_Project.kicad_sym;composants/kicad/vendor/Resistor_SMD.pretty/R_0402_1005Metric.kicad_mod;composants/3d/R_0402_1005Metric.step;KiCad, geometrie generique du boitier;composants/pdf/Yageo_RC.pdf;https://www.mouser.com/datasheet/2/447/PYu-RC0402_51_RoHS_L_6_r-8721.pdf;DigiKey France;311-10.0KLRCT-ND;0.09;1;9912210;2026-09-27;https://www.digikey.fr/fr/products/detail/yageo/RC0402FR-0710KL/726523;"Relevé web; stock et prix variables.";composants/controle/RC0402FR-0710KL.pdf
RC0402FR-07100KL;R7, R8, R10;3;100K;YAGEO;"FC01_Project:MCU__R_Small; FC01_Project:POWER__R_Small";composants/kicad/FC01_Project.kicad_sym;composants/kicad/vendor/Resistor_SMD.pretty/R_0402_1005Metric.kicad_mod;composants/3d/R_0402_1005Metric.step;KiCad, geometrie generique du boitier;composants/pdf/Yageo_RC.pdf;https://www.mouser.com/datasheet/2/447/PYu-RC0402_51_RoHS_L_6_r-8721.pdf;DigiKey France;311-100KLRCT-ND;0.09;1;6470366;2026-09-27;https://www.digikey.fr/fr/products/detail/yageo/RC0402FR-07100KL/726526;"Relevé web; stock et prix variables.";composants/controle/RC0402FR-07100KL.pdf
RC0402FR-0716K5L;R9;1;16.5k;YAGEO;FC01_Project:POWER__R_Small;composants/kicad/FC01_Project.kicad_sym;composants/kicad/vendor/Resistor_SMD.pretty/R_0402_1005Metric.kicad_mod;composants/3d/R_0402_1005Metric.step;KiCad, geometrie generique du boitier;composants/pdf/Yageo_RC.pdf;https://www.mouser.com/datasheet/2/447/PYu-RC0402_51_RoHS_L_6_r-8721.pdf;Farnell / RS / DigiKey France;;;;;2026-09-27;;Reference exacte: offre France, prix et stock non confirmes. Ne pas commander via une substitution implicite.;composants/controle/RC0402FR-0716K5L.pdf
RC0402FR-0712K4L;R11;1;12.4K;YAGEO;FC01_Project:POWER__R_Small;composants/kicad/FC01_Project.kicad_sym;composants/kicad/vendor/Resistor_SMD.pretty/R_0402_1005Metric.kicad_mod;composants/3d/R_0402_1005Metric.step;KiCad, geometrie generique du boitier;composants/pdf/Yageo_RC.pdf;https://www.mouser.com/datasheet/2/447/PYu-RC0402_51_RoHS_L_6_r-8721.pdf;DigiKey France;311-12.4KLRCT-ND;0.09;1;505611;2026-09-27;https://www.digikey.fr/fr/products/detail/yageo/RC0402FR-0712K4L/2827623;"Relevé web; stock et prix variables.";composants/controle/RC0402FR-0712K4L.pdf
RC0402FR-071KL;R15, R19, R39;3;1K;YAGEO;"FC01_Project:ANALOG_SENS__R_Small; FC01_Project:BUZZER__R_Small";composants/kicad/FC01_Project.kicad_sym;composants/kicad/vendor/Resistor_SMD.pretty/R_0402_1005Metric.kicad_mod;composants/3d/R_0402_1005Metric.step;KiCad, geometrie generique du boitier;composants/pdf/Yageo_RC.pdf;https://www.mouser.com/datasheet/2/447/PYu-RC0402_51_RoHS_L_6_r-8721.pdf;DigiKey France;311-1.00KLRCT-ND;0.09;1;5940542;2026-09-27;https://www.digikey.fr/fr/products/detail/yageo/RC0402FR-071KL/726513;"Relevé web; stock et prix variables.";composants/controle/RC0402FR-071KL.pdf
RC0402FR-0720KL;R18;1;20K;YAGEO;FC01_Project:ANALOG_SENS__R_Small;composants/kicad/FC01_Project.kicad_sym;composants/kicad/vendor/Resistor_SMD.pretty/R_0402_1005Metric.kicad_mod;composants/3d/R_0402_1005Metric.step;KiCad, geometrie generique du boitier;composants/pdf/Yageo_RC.pdf;https://www.mouser.com/datasheet/2/447/PYu-RC0402_51_RoHS_L_6_r-8721.pdf;DigiKey France;311-20.0KLRCT-ND;0.09;1;2268038;2026-09-27;https://www.digikey.fr/fr/products/detail/yageo/RC0402FR-0720KL/726557;"Relevé web; stock et prix variables.";composants/controle/RC0402FR-0720KL.pdf
RC0402FR-07200RL;R20, R21, R22, R23, R24, R25, R26, R27, R28, R29, R30, R31, R32, R33, R47, R48, R49, R50;18;200;YAGEO;"FC01_Project:MOTORS1-4__R_Small; FC01_Project:UART_I2C__R_Small";composants/kicad/FC01_Project.kicad_sym;composants/kicad/vendor/Resistor_SMD.pretty/R_0402_1005Metric.kicad_mod;composants/3d/R_0402_1005Metric.step;KiCad, geometrie generique du boitier;composants/pdf/Yageo_RC.pdf;https://www.mouser.com/datasheet/2/447/PYu-RC0402_51_RoHS_L_6_r-8721.pdf;DigiKey France;311-200LRCT-ND;0.09;1;0;2026-09-27;https://www.digikey.fr/en/products/detail/yageo/RC0402FR-07200RL/2827569;"Relevé web; stock et prix variables.";composants/controle/RC0402FR-07200RL.pdf
RC0402JR-070RL;R34, R35, R36;3;0R;YAGEO;FC01_Project:SENSORS__R_Small;composants/kicad/FC01_Project.kicad_sym;composants/kicad/vendor/Resistor_SMD.pretty/R_0402_1005Metric.kicad_mod;composants/3d/R_0402_1005Metric.step;KiCad, geometrie generique du boitier;composants/pdf/Yageo_RC.pdf;https://www.mouser.com/datasheet/2/447/PYu-RC0402_51_RoHS_L_6_r-8721.pdf;DigiKey France;311-0.0JRCT-ND;0.09;1;11678700;2026-09-27;https://www.digikey.fr/en/products/detail/yageo/RC0402JR-070RL/729353;"Relevé web; stock et prix variables.";composants/controle/RC0402JR-070RL.pdf
RC0402FR-074K7L;R37, R38;2;4.7K;YAGEO;FC01_Project:SENSORS__R_Small;composants/kicad/FC01_Project.kicad_sym;composants/kicad/vendor/Resistor_SMD.pretty/R_0402_1005Metric.kicad_mod;composants/3d/R_0402_1005Metric.step;KiCad, geometrie generique du boitier;composants/pdf/Yageo_RC.pdf;https://www.mouser.com/datasheet/2/447/PYu-RC0402_51_RoHS_L_6_r-8721.pdf;DigiKey France;311-4.7KLRCT-ND;0.09;1;0;2026-09-27;https://www.digikey.fr/en/products/detail/yageo/RC0402FR-074K7L/2827563;"Relevé web; stock et prix variables.";composants/controle/RC0402FR-074K7L.pdf
RC0402FR-0722RL;R51;1;22R;YAGEO;FC01_Project:MICRO_SD__R_Small;composants/kicad/FC01_Project.kicad_sym;composants/kicad/vendor/Resistor_SMD.pretty/R_0402_1005Metric.kicad_mod;composants/3d/R_0402_1005Metric.step;KiCad, geometrie generique du boitier;composants/pdf/R51_datasheet.pdf;https://www.yageogroup.com/component-documentation/download/specsheet/RC0402FR-0722RL;Non confirme;;;;;;;"22 ohms selon Yageo; offre France non confirmee.";composants/pdf/R51_datasheet.pdf
USBLC6-2P6;U1;1;USBLC6-2P6;STMicroelectronics;FC01_Project:H743_Ardupilot__USBLC6-2P6;composants/kicad/FC01_Project.kicad_sym;composants/kicad/USBLC6_2P6.pretty/SOT50P160X60-6N.kicad_mod;composants/3d/SOT-666.step;"KiCad SOT-666, boitier nominal; modèle fournisseur privé utilisé pour comparaison";composants/pdf/U1_datasheet.pdf;https://www.st.com/resource/en/datasheet/usblc6-2.pdf;DigiKey France;497-5026-1-ND;0.56;1;43170;2026-09-27;https://www.digikey.fr/fr/products/detail/stmicroelectronics/USBLC6-2P6/1007440?s=N4Ig7CBcoIYE5QIwA5EGYA0IYBcmZAAcBLJAFgFYKBOABjLIF9Gg;"Relevé web; stock et prix variables.";composants/controle/USBLC6-2P6.pdf
STM32H743VIT6;U2;1;STM32H743VIT6;STMicroelectronics;FC01_Project:MCU__STM32H743VITx;composants/kicad/FC01_Project.kicad_sym;composants/kicad/vendor/Package_QFP.pretty/LQFP-100_14x14mm_P0.5mm.kicad_mod;composants/3d/LQFP-100_14x14mm_P0.5mm.step;KiCad, geometrie generique du boitier;composants/pdf/U2_datasheet.pdf;https://www.st.com/resource/en/datasheet/stm32h743vi.pdf;DigiKey France;497-17720-ND;14.27;1;0;2026-09-27;https://www.digikey.fr/fr/products/detail/stmicroelectronics/STM32H743VIT6/7809237?s=N4Ig7CBcoIYE5QIwA5EGYA0IYBcmZAAcBLKANgAYAmRATmSoF9Gg;"Relevé web; stock et prix variables.";composants/controle/STM32H743VIT6.pdf
LMR43620R5RPER;U3;1;LMR43620R5RPER;Texas Instruments;FC01_Project:POWER__LMR43620R5RPER;composants/kicad/FC01_Project.kicad_sym;composants/kicad/footprints.pretty/TI_RPE0009B_VQFN-HR-9_2x2mm.kicad_mod;composants/3d/LMR43620_RPE0009B_envelope.step;"ENVELOPPE RECONSTRUITE: volume du boitier uniquement; contacts et tolerances non representes";composants/pdf/U3_datasheet.pdf;https://www.ti.com/lit/ds/symlink/lmr43620.pdf;DigiKey France;296-LMR43620R5RPERCT-ND;1.94;1;5342;2026-09-27;https://www.digikey.fr/fr/products/detail/texas-instruments/LMR43620R5RPER/20414090;"Relevé web; stock et prix variables.";composants/controle/LMR43620R5RPER.pdf
LMR604303SRAKRQ1;U4;1;LMR604303SRAKRQ1;Texas Instruments;FC01_Project:POWER__LMR604303SRAKRQ1;composants/kicad/FC01_Project.kicad_sym;composants/kicad/footprints.pretty/TI_RAK0009A_WQFN-HR-9_2.5x2.0mm.kicad_mod;composants/3d/LMR60430_RAK0009A_envelope.step;"ENVELOPPE RECONSTRUITE: volume du boitier uniquement; contacts et tolerances non representes";composants/pdf/U4_datasheet.pdf;https://www.ti.com/lit/ds/symlink/lmr60430-q1.pdf;DigiKey France;296-LMR604303SRAKRQ1CT-ND;2.2;1;2359;2026-09-27;https://www.digikey.fr/en/products/detail/texas-instruments/LMR604303SRAKRQ1/26812419?s=N4Ig7CBcoIYE5QIwA5EGYA0IYBcmZAAcBLKAJgFYU0BOABjQF9Gg;"Relevé web; stock et prix variables.";composants/controle/LMR604303SRAKRQ1.pdf
AP7361C-33FGE-7;U5, U6;2;AP7361C-33FGE-7;Diodes Incorporated;FC01_Project:POWER__AP7361C-33FGE-7;composants/kicad/FC01_Project.kicad_sym;composants/kicad/footprints.pretty/Diodes_U-DFN3030-8_TypeE.kicad_mod;composants/3d/DFN-8-1EP_3x3mm_P0.65mm_EP1.5x2.25mm.step;KiCad: EP nominal 1.5 x 2.25, pads PCB maximaux 1.6 x 2.35 (Diodes p.17/20);composants/pdf/AP7361C.pdf;https://docs.sparkfun.com/SparkFun_GNSS_Flex_System/SparkFun_GNSS_Flex_Breakout/assets/component_documentation/AP7361C.pdf;DigiKey France;AP7361C-33FGE-7DICT-ND;0.49;1;3118;2026-09-27;https://www.digikey.fr/en/products/detail/diodes-incorporated/AP7361C-33FGE-7/5638320;"Relevé web; stock et prix variables.";composants/controle/AP7361C-33FGE-7.pdf
TJA1057GTK/3Z;U7;1;TJA1057GTK/3Z;NXP Semiconductors;FC01_Project:CAN__TJA1057GTK-3;composants/kicad/FC01_Project.kicad_sym;composants/kicad/vendor/Package_SON.pretty/HVSON-8-1EP_3x3mm_P0.65mm_EP1.6x2.4mm.kicad_mod;composants/3d/TJA1051_HVSON8_envelope.step;"ENVELOPPE RECONSTRUITE: volume du boitier uniquement; contacts et tolerances non representes";composants/pdf/U7_datasheet.pdf;https://www.nxp.com/docs/en/data-sheet/TJA1057.pdf;Non confirme;;;;;;;"Ne pas reutiliser les prix et stocks du TJA1051; reference TJA1057GTK/3Z a confirmer avant achat.";composants/pdf/U7_datasheet.pdf
SM04B-GHS-TB(LF)(SN);U8;1;SM04B-GHS-TB(LF)(SN);JST;FC01_Project:CAN__JST_GH_SM04B_GHS_TB_4P;composants/kicad/FC01_Project.kicad_sym;composants/kicad/footprints.pretty/JST_GH_SM04B-GHS-TB_1x04_P1.25mm_Horizontal_GNDtabs.kicad_mod;composants/3d/JST_GH_SM04B-GHS-TB_1x04-1MP_P1.25mm_Horizontal.step;KiCad, geometrie generique du boitier;composants/pdf/U8_datasheet.pdf;https://www.jst-mfg.com/product/pdf/eng/eGH.pdf;DigiKey France;455-1566-1-ND;0.33;1;2490;2026-09-27;https://www.digikey.fr/fr/products/detail/jst-sales-america-inc/SM04B-GHS-TB/807788;"Relevé web; stock et prix variables.";composants/controle/SM04B-GHS-TB_LF__SN_.pdf
BMI088;U9;1;BMI088;Bosch Sensortec;FC01_Project:SENSORS__BMI088;composants/kicad/FC01_Project.kicad_sym;composants/kicad/vendor/Package_LGA.pretty/Bosch_LGA-16_4.5x3mm_P0.5mm_LayoutBorder7x1y_ClockwisePinNumbering.kicad_mod;composants/3d/Bosch_LGA-16_4.5x3mm_P0.5mm_LayoutBorder7x1y_ClockwisePinNumbering.step;KiCad, geometrie generique du boitier;composants/pdf/U9_datasheet.pdf;https://www.bosch-sensortec.com/media/boschsensortec/downloads/datasheets/bst-bmi088-ds001.pdf;DigiKey France;828-1082-1-ND;5.07;1;0;2026-09-27;https://www.digikey.fr/fr/products/detail/bosch-sensortec/BMI088/8634936;"Relevé web; stock et prix variables.";composants/controle/BMI088.pdf
LSM6DSV16XTR;U10;1;LSM6DSV16X;STMicroelectronics;FC01_Project:SENSORS__LSM6DSV16X;composants/kicad/FC01_Project.kicad_sym;composants/kicad/vendor/Package_LGA.pretty/LGA-14_3x2.5mm_P0.5mm_LayoutBorder3x4y.kicad_mod;composants/3d/LGA-14_3x2.5mm_P0.5mm_LayoutBorder3x4y.step;KiCad, geometrie generique du boitier;composants/pdf/U10_datasheet.pdf;https://www.st.com/resource/en/datasheet/lsm6dsv16x.pdf;DigiKey France;497-LSM6DSV16XTRCT-ND;4.92;1;0;2026-09-27;https://www.digikey.fr/fr/products/detail/stmicroelectronics/LSM6DSV16XTR/16841485;"Relevé web; stock et prix variables.";composants/controle/LSM6DSV16XTR.pdf
ICM-45686;U11;1;ICM-45686;TDK InvenSense;FC01_Project:SENSORS__ICM-45686;composants/kicad/FC01_Project.kicad_sym;composants/kicad/footprints.pretty/TDK_ICM45686_LGA14_3x2.5mm.kicad_mod;composants/3d/LGA-14_3x2.5mm_P0.5mm_LayoutBorder3x4y.step;KiCad, geometrie generique du boitier;composants/pdf/U11_datasheet.pdf;https://www.mouser.com/catalog/specsheets/TDK_DS_000577_ICM_45686.pdf;DigiKey France;1428-ICM-45686CT-ND;4.5;1;0;2026-09-27;https://www.digikey.fr/fr/products/detail/tdk-invensense/ICM-45686/24374985;"Relevé web; stock et prix variables.";composants/controle/ICM-45686.pdf
BMP581;U12;1;BMP581;Bosch Sensortec;FC01_Project:SENSORS__BMP581;composants/kicad/FC01_Project.kicad_sym;composants/kicad/footprints.pretty/QFN10_BMP581_BOS.kicad_mod;composants/3d/BMP581_envelope.step;"ENVELOPPE RECONSTRUITE: volume du boitier uniquement; contacts et tolerances non representes";composants/pdf/U12_datasheet.pdf;https://www.bosch-sensortec.com/media/boschsensortec/downloads/datasheets/bst-bmp581-ds004.pdf;DigiKey France;828-BMP581CT-ND;2.63;1;462;2026-09-27;https://www.digikey.fr/fr/products/detail/bosch-sensortec/BMP581/16036134;"Relevé web; stock et prix variables.";composants/controle/BMP581.pdf
DPS368XTSA1;U13;1;DPS368XTSA1;Infineon Technologies;FC01_Project:SENSORS__DPS368XTSA1_1;composants/kicad/FC01_Project.kicad_sym;composants/kicad/footprints.pretty/Infineon_DPS368_PG-VLGA-8-2.kicad_mod;composants/3d/DPS368_envelope.step;"ENVELOPPE RECONSTRUITE: volume du boitier uniquement; contacts et tolerances non representes";composants/pdf/U13_datasheet.pdf;https://www.infineon.com/dgdl/Infineon-DPS368-DataSheet-v01_01-EN.pdf?fileId=5546d46269e1c019016a0c45105d4b40;DigiKey France;DPS368XTSA1CT-ND;2.31;1;0;2026-09-27;https://www.digikey.fr/fr/products/detail/infineon-technologies/DPS368XTSA1/10244079;"Relevé web; stock et prix variables.";composants/controle/DPS368XTSA1.pdf
SM08B-SRSS-TB(LF)(SN);U14;1;SM08B-SRSS-TB(LF)(SN);JST;FC01_Project:MOTORS1-4__JST_SH_SM08B_SRSS_TB_8P;composants/kicad/FC01_Project.kicad_sym;composants/kicad/footprints.pretty/JST_SH_SM08B-SRSS-TB_1x08_P1.00mm_Horizontal_GNDtabs.kicad_mod;composants/3d/JST_SH_SM08B-SRSS-TB_1x08-1MP_P1.00mm_Horizontal.step;KiCad, geometrie generique du boitier;composants/pdf/U14_datasheet.pdf;https://www.jst-mfg.com/product/pdf/eng/eSH.pdf;DigiKey France;455-1808-1-ND;0.73;1;52530;2026-09-27;https://www.digikey.fr/fr/products/detail/jst-sales-america-inc/SM08B-SRSS-TB/926714;"Relevé web; stock et prix variables.";composants/controle/SM08B-SRSS-TB_LF__SN_.pdf
DX07S016JA1R1500;USB1;1;DX07S016JA1R1500;JAE Electronics;FC01_Project:H743_Ardupilot__USB_C_Receptacle_USB2.0_16P_JAE_DX07S016JA1R1500;composants/kicad/FC01_Project.kicad_sym;composants/kicad/footprints.pretty/JAE_DX07S016JA1R1500_16P.kicad_mod;composants/3d/JAE_DX07S016JA1R1500_envelope.step;"ENVELOPPE RECONSTRUITE: limites mesurees du STEP fourni, 8.94 x 6.90 mm, z -1.05 a 3.31 mm; ni contacts ni interface de connexion; plan fabricant complet requis";composants/pdf/USB1_datasheet.pdf;https://mm.digikey.com/Volume0/opasdata/d220001/medias/docus/7162/670_DX07S016JA1R1500.pdf;DigiKey France;670-DX07S016JA1R1500CT-ND;1.46;1;21765;2026-09-27;https://www.digikey.fr/fr/products/detail/jae-electronics/DX07S016JA1R1500/11586676;"Relevé web; stock et prix variables.";composants/controle/DX07S016JA1R1500.pdf
CSTNE8M00GH5C000R0;Y1;1;8MHz;Murata Electronics;FC01_Project:MCU__Crystal_GND3_Small;composants/kicad/FC01_Project.kicad_sym;composants/kicad/footprints.pretty/Murata_CSTNE_3.2x1.3_P1.2mm.kicad_mod;composants/3d/Murata_CSTNE_envelope.step;"ENVELOPPE RECONSTRUITE: volume du boitier uniquement; contacts et tolerances non representes";composants/pdf/CSTNE8M.pdf;https://www.farnell.com/datasheets/3797113.pdf;DigiKey France;490-17961-1-ND;0.26;1;171914;2026-09-27;https://www.digikey.fr/fr/products/detail/murata-electronics/CSTNE8M00GH5C000R0/8747742;"Relevé web; stock et prix variables.";composants/controle/CSTNE8M00GH5C000R0.pdf
