Reference,Value,Symbol,Footprint,3D / achat
H1,MountingHole_Pad,FC01_Project:H743_Ardupilot__MountingHole_Pad,MountingHole:MountingHole_3.2mm_M3_ISO7380_Pad,"Non applicable: pastille, point test, cavalier cuivre ou trou du PCB; pas de composant achete."
H2,MountingHole_Pad,FC01_Project:H743_Ardupilot__MountingHole_Pad,MountingHole:MountingHole_3.2mm_M3_ISO7380_Pad,"Non applicable: pastille, point test, cavalier cuivre ou trou du PCB; pas de composant achete."
H3,MountingHole_Pad,FC01_Project:H743_Ardupilot__MountingHole_Pad,MountingHole:MountingHole_3.2mm_M3_ISO7380_Pad,"Non applicable: pastille, point test, cavalier cuivre ou trou du PCB; pas de composant achete."
H4,MountingHole_Pad,FC01_Project:H743_Ardupilot__MountingHole_Pad,MountingHole:MountingHole_3.2mm_M3_ISO7380_Pad,"Non applicable: pastille, point test, cavalier cuivre ou trou du PCB; pas de composant achete."
J1,Analog,FC01_Project:ANALOG_SENS__Conn_01x04,H743_Custom:SolderPadArray_1x04_P2.54mm_1x1mm,"Non applicable: pastille, point test, cavalier cuivre ou trou du PCB; pas de composant achete."
J2,Uart1,FC01_Project:UART_I2C__Conn_01x04,H743_Custom:SolderPadArray_1x04_P2.54mm_1x1mm,"Non applicable: pastille, point test, cavalier cuivre ou trou du PCB; pas de composant achete."
J3,Uart4,FC01_Project:UART_I2C__Conn_01x04,H743_Custom:SolderPadArray_1x04_P2.54mm_1x1mm,"Non applicable: pastille, point test, cavalier cuivre ou trou du PCB; pas de composant achete."
J4,Uart7,FC01_Project:UART_I2C__Conn_01x06,H743_Custom:SolderPadArray_1x06_P2.54mm_1x1mm,"Non applicable: pastille, point test, cavalier cuivre ou trou du PCB; pas de composant achete."
J5,Uart(,FC01_Project:UART_I2C__Conn_01x04,H743_Custom:SolderPadArray_1x04_P2.54mm_1x1mm,"Non applicable: pastille, point test, cavalier cuivre ou trou du PCB; pas de composant achete."
J6,Uart6,FC01_Project:UART_I2C__Conn_01x04,H743_Custom:SolderPadArray_1x04_P2.54mm_1x1mm,"Non applicable: pastille, point test, cavalier cuivre ou trou du PCB; pas de composant achete."
J7,Uart3,FC01_Project:UART_I2C__Conn_01x04,H743_Custom:SolderPadArray_1x04_P2.54mm_1x1mm,"Non applicable: pastille, point test, cavalier cuivre ou trou du PCB; pas de composant achete."
J8,I2C1,FC01_Project:SENSORS__Conn_01x04,H743_Custom:SolderPadArray_1x04_P2.54mm_1x1mm,"Non applicable: pastille, point test, cavalier cuivre ou trou du PCB; pas de composant achete."
J9,I2C_2,FC01_Project:SENSORS__Conn_01x04,H743_Custom:SolderPadArray_1x04_P2.54mm_1x1mm,"Non applicable: pastille, point test, cavalier cuivre ou trou du PCB; pas de composant achete."
J10,Led ext,FC01_Project:BUZZER__Conn_01x03,H743_Custom:SolderPadArray_1x03_P2.54mm_1x1mm,"Non applicable: pastille, point test, cavalier cuivre ou trou du PCB; pas de composant achete."
J11,Buzzer,FC01_Project:BUZZER__Conn_01x03,H743_Custom:SolderPadArray_1x03_P2.54mm_1x1mm,"Non applicable: pastille, point test, cavalier cuivre ou trou du PCB; pas de composant achete."
J13,Can1_2,FC01_Project:CAN__Conn_01x04,H743_Custom:SolderPadArray_1x04_P2.54mm_1x1mm,"Non applicable: pastille, point test, cavalier cuivre ou trou du PCB; pas de composant achete."
J14,Can1_1,FC01_Project:CAN__Conn_01x04,H743_Custom:SolderPadArray_1x04_P2.54mm_1x1mm,"Non applicable: pastille, point test, cavalier cuivre ou trou du PCB; pas de composant achete."
JP1,SolderJumper_2_Open,FC01_Project:MCU__SolderJumper_2_Open,Jumper:SolderJumper-2_P1.3mm_Open_RoundedPad1.0x1.5mm,"Non applicable: pastille, point test, cavalier cuivre ou trou du PCB; pas de composant achete."
TP1,SWDIO,FC01_Project:MCU__TestPoint,TestPoint:TestPoint_Pad_1.0x1.0mm,"Non applicable: pastille, point test, cavalier cuivre ou trou du PCB; pas de composant achete."
TP2,SWCLK,FC01_Project:MCU__TestPoint,TestPoint:TestPoint_Pad_1.0x1.0mm,"Non applicable: pastille, point test, cavalier cuivre ou trou du PCB; pas de composant achete."
TP3,+3V3_MCU,FC01_Project:MCU__TestPoint,TestPoint:TestPoint_Pad_1.0x1.0mm,"Non applicable: pastille, point test, cavalier cuivre ou trou du PCB; pas de composant achete."
TP4,GND,FC01_Project:MCU__TestPoint,TestPoint:TestPoint_Pad_1.0x1.0mm,"Non applicable: pastille, point test, cavalier cuivre ou trou du PCB; pas de composant achete."
