Sheet,Reference,Value,Manufacturer,MPN,Package,Footprint,Datasheet,DigiKey_Part_Number,DigiKey_URL,DigiKey_Specs,Unit_Price_EUR,Price_Qty,Price_Checked,DigiKey_Status,Footprint_Audit,Library_Audit,Supplier,Supplier_Order_Code,Supplier_URL
MCU.kicad_sch,C1,4.7u,Samsung Electro-Mechanics,CL05A475MP5NRNC,0402 (1005),Capacitor_SMD:C_0402_1005Metric,${KIPRJMOD}/composants/pdf/CL05A475MP5NRN.pdf,1276-1482-1-ND,https://www.digikey.fr/en/products/detail/samsung-electro-mechanics/CL05A475MP5NRNC/3889568,"4.7 µF ±20%, 10 V, X5R, 0402",0.09,1,2026-09-27,Stock 0,Voir composants/catalogue.json et verification/REPORT.md,Voir composants/README.md,DigiKey France,1276-1482-1-ND,https://www.digikey.fr/en/products/detail/samsung-electro-mechanics/CL05A475MP5NRNC/3889568
MCU.kicad_sch,C2,100n,Samsung Electro-Mechanics,CL05B104KO5NNNC,0402 (1005),Capacitor_SMD:C_0402_1005Metric,${KIPRJMOD}/composants/pdf/CL05B104KO5NNN.pdf,1276-1001-1-ND,https://www.digikey.fr/fr/products/detail/samsung-electro-mechanics/CL05B104KO5NNNC/3889087,"100 nF ±10%, 16 V, X7R, 0402",0.09,1,2026-09-27,Stock 103052,Voir composants/catalogue.json et verification/REPORT.md,Voir composants/README.md,DigiKey France,1276-1001-1-ND,https://www.digikey.fr/fr/products/detail/samsung-electro-mechanics/CL05B104KO5NNNC/3889087
MCU.kicad_sch,C3,100n,Samsung Electro-Mechanics,CL05B104KO5NNNC,0402 (1005),Capacitor_SMD:C_0402_1005Metric,${KIPRJMOD}/composants/pdf/CL05B104KO5NNN.pdf,1276-1001-1-ND,https://www.digikey.fr/fr/products/detail/samsung-electro-mechanics/CL05B104KO5NNNC/3889087,"100 nF ±10%, 16 V, X7R, 0402",0.09,1,2026-09-27,Stock 103052,Voir composants/catalogue.json et verification/REPORT.md,Voir composants/README.md,DigiKey France,1276-1001-1-ND,https://www.digikey.fr/fr/products/detail/samsung-electro-mechanics/CL05B104KO5NNNC/3889087
MCU.kicad_sch,C4,100n,Samsung Electro-Mechanics,CL05B104KO5NNNC,0402 (1005),Capacitor_SMD:C_0402_1005Metric,${KIPRJMOD}/composants/pdf/CL05B104KO5NNN.pdf,1276-1001-1-ND,https://www.digikey.fr/fr/products/detail/samsung-electro-mechanics/CL05B104KO5NNNC/3889087,"100 nF ±10%, 16 V, X7R, 0402",0.09,1,2026-09-27,Stock 103052,Voir composants/catalogue.json et verification/REPORT.md,Voir composants/README.md,DigiKey France,1276-1001-1-ND,https://www.digikey.fr/fr/products/detail/samsung-electro-mechanics/CL05B104KO5NNNC/3889087
MCU.kicad_sch,C5,100n,Samsung Electro-Mechanics,CL05B104KO5NNNC,0402 (1005),Capacitor_SMD:C_0402_1005Metric,${KIPRJMOD}/composants/pdf/CL05B104KO5NNN.pdf,1276-1001-1-ND,https://www.digikey.fr/fr/products/detail/samsung-electro-mechanics/CL05B104KO5NNNC/3889087,"100 nF ±10%, 16 V, X7R, 0402",0.09,1,2026-09-27,Stock 103052,Voir composants/catalogue.json et verification/REPORT.md,Voir composants/README.md,DigiKey France,1276-1001-1-ND,https://www.digikey.fr/fr/products/detail/samsung-electro-mechanics/CL05B104KO5NNNC/3889087
MCU.kicad_sch,C6,100n,Samsung Electro-Mechanics,CL05B104KO5NNNC,0402 (1005),Capacitor_SMD:C_0402_1005Metric,${KIPRJMOD}/composants/pdf/CL05B104KO5NNN.pdf,1276-1001-1-ND,https://www.digikey.fr/fr/products/detail/samsung-electro-mechanics/CL05B104KO5NNNC/3889087,"100 nF ±10%, 16 V, X7R, 0402",0.09,1,2026-09-27,Stock 103052,Voir composants/catalogue.json et verification/REPORT.md,Voir composants/README.md,DigiKey France,1276-1001-1-ND,https://www.digikey.fr/fr/products/detail/samsung-electro-mechanics/CL05B104KO5NNNC/3889087
MCU.kicad_sch,C7,2.2u,TDK,C1005X5R1C225M050BC,0402 (1005),Capacitor_SMD:C_0402_1005Metric,${KIPRJMOD}/composants/pdf/TDK_C.pdf,,,"2.2 µF ±20%, 16 V, X5R, 0402",0.104,10,2026-09-27,Voir composants/BOM_FR.csv,Voir composants/catalogue.json et verification/REPORT.md,Voir composants/README.md,Farnell France,2525017,https://fr.farnell.com/tdk/c1005x5r1c225m050bc/condensateur-2-2-f-16v-20-x5r/dp/2525017
MCU.kicad_sch,C8,100n,Samsung Electro-Mechanics,CL05B104KO5NNNC,0402 (1005),Capacitor_SMD:C_0402_1005Metric,${KIPRJMOD}/composants/pdf/CL05B104KO5NNN.pdf,1276-1001-1-ND,https://www.digikey.fr/fr/products/detail/samsung-electro-mechanics/CL05B104KO5NNNC/3889087,"100 nF ±10%, 16 V, X7R, 0402",0.09,1,2026-09-27,Stock 103052,Voir composants/catalogue.json et verification/REPORT.md,Voir composants/README.md,DigiKey France,1276-1001-1-ND,https://www.digikey.fr/fr/products/detail/samsung-electro-mechanics/CL05B104KO5NNNC/3889087
MCU.kicad_sch,C9,100n,Samsung Electro-Mechanics,CL05B104KO5NNNC,0402 (1005),Capacitor_SMD:C_0402_1005Metric,${KIPRJMOD}/composants/pdf/CL05B104KO5NNN.pdf,1276-1001-1-ND,https://www.digikey.fr/fr/products/detail/samsung-electro-mechanics/CL05B104KO5NNNC/3889087,"100 nF ±10%, 16 V, X7R, 0402",0.09,1,2026-09-27,Stock 103052,Voir composants/catalogue.json et verification/REPORT.md,Voir composants/README.md,DigiKey France,1276-1001-1-ND,https://www.digikey.fr/fr/products/detail/samsung-electro-mechanics/CL05B104KO5NNNC/3889087
MCU.kicad_sch,C10,2.2u,TDK,C1005X5R1C225M050BC,0402 (1005),Capacitor_SMD:C_0402_1005Metric,${KIPRJMOD}/composants/pdf/TDK_C.pdf,,,"2.2 µF ±20%, 16 V, X5R, 0402",0.104,10,2026-09-27,Voir composants/BOM_FR.csv,Voir composants/catalogue.json et verification/REPORT.md,Voir composants/README.md,Farnell France,2525017,https://fr.farnell.com/tdk/c1005x5r1c225m050bc/condensateur-2-2-f-16v-20-x5r/dp/2525017
MCU.kicad_sch,C11,100n,Samsung Electro-Mechanics,CL05B104KO5NNNC,0402 (1005),Capacitor_SMD:C_0402_1005Metric,${KIPRJMOD}/composants/pdf/CL05B104KO5NNN.pdf,1276-1001-1-ND,https://www.digikey.fr/fr/products/detail/samsung-electro-mechanics/CL05B104KO5NNNC/3889087,"100 nF ±10%, 16 V, X7R, 0402",0.09,1,2026-09-27,Stock 103052,Voir composants/catalogue.json et verification/REPORT.md,Voir composants/README.md,DigiKey France,1276-1001-1-ND,https://www.digikey.fr/fr/products/detail/samsung-electro-mechanics/CL05B104KO5NNNC/3889087
MCU.kicad_sch,C12,100n,Samsung Electro-Mechanics,CL05B104KO5NNNC,0402 (1005),Capacitor_SMD:C_0402_1005Metric,${KIPRJMOD}/composants/pdf/CL05B104KO5NNN.pdf,1276-1001-1-ND,https://www.digikey.fr/fr/products/detail/samsung-electro-mechanics/CL05B104KO5NNNC/3889087,"100 nF ±10%, 16 V, X7R, 0402",0.09,1,2026-09-27,Stock 103052,Voir composants/catalogue.json et verification/REPORT.md,Voir composants/README.md,DigiKey France,1276-1001-1-ND,https://www.digikey.fr/fr/products/detail/samsung-electro-mechanics/CL05B104KO5NNNC/3889087
MCU.kicad_sch,C14,1u,Samsung Electro-Mechanics,CL05A105KA5NQNC,0402 (1005),Capacitor_SMD:C_0402_1005Metric,${KIPRJMOD}/composants/pdf/CL05A105KA5NQN.pdf,1276-1445-1-ND,https://www.digikey.fr/fr/products/detail/samsung-electro-mechanics/CL05A105KA5NQNC/3887103,"1 µF ±10%, 25 V, X5R, 0402",0.16,1,2026-09-27,Stock 2318576,Voir composants/catalogue.json et verification/REPORT.md,Voir composants/README.md,DigiKey France,1276-1445-1-ND,https://www.digikey.fr/fr/products/detail/samsung-electro-mechanics/CL05A105KA5NQNC/3887103
MCU.kicad_sch,C15,100n,Samsung Electro-Mechanics,CL05B104KO5NNNC,0402 (1005),Capacitor_SMD:C_0402_1005Metric,${KIPRJMOD}/composants/pdf/CL05B104KO5NNN.pdf,1276-1001-1-ND,https://www.digikey.fr/fr/products/detail/samsung-electro-mechanics/CL05B104KO5NNNC/3889087,"100 nF ±10%, 16 V, X7R, 0402",0.09,1,2026-09-27,Stock 103052,Voir composants/catalogue.json et verification/REPORT.md,Voir composants/README.md,DigiKey France,1276-1001-1-ND,https://www.digikey.fr/fr/products/detail/samsung-electro-mechanics/CL05B104KO5NNNC/3889087
POWER.kicad_sch,C16,10u,Murata Electronics,GRM21BR61H106KE43L,0805 (2012),Capacitor_SMD:C_0805_2012Metric,${KIPRJMOD}/composants/pdf/GRM21.pdf,490-18663-1-ND,https://www.digikey.fr/en/products/detail/murata-electronics/GRM21BR61H106KE43L/10326316,"10 µF ±10%, 50 V, X5R, 0805",0.28,1,2026-09-27,Stock 0,Voir composants/catalogue.json et verification/REPORT.md,Voir composants/README.md,DigiKey France,490-18663-1-ND,https://www.digikey.fr/en/products/detail/murata-electronics/GRM21BR61H106KE43L/10326316
POWER.kicad_sch,C17,100n,Murata Electronics,GCM155R71H104KE02D,0402 (1005 Metric),Capacitor_SMD:C_0402_1005Metric,${KIPRJMOD}/composants/pdf/GCM155.pdf,490-10672-1-ND,https://www.digikey.fr/fr/products/detail/murata-electronics/GCM155R71H104KE02D/5251433,"100 nF ±10%, 50 V, X7R, 0402 (1005)",0.09,1,2026-09-27,Stock 16172272,Voir composants/catalogue.json et verification/REPORT.md,Voir composants/README.md,DigiKey France,490-10672-1-ND,https://www.digikey.fr/fr/products/detail/murata-electronics/GCM155R71H104KE02D/5251433
POWER.kicad_sch,C18,10u,Murata Electronics,GRM21BR61H106KE43L,0805 (2012),Capacitor_SMD:C_0805_2012Metric,${KIPRJMOD}/composants/pdf/GRM21.pdf,490-18663-1-ND,https://www.digikey.fr/en/products/detail/murata-electronics/GRM21BR61H106KE43L/10326316,"10 µF ±10%, 50 V, X5R, 0805",0.28,1,2026-09-27,Stock 0,Voir composants/catalogue.json et verification/REPORT.md,Voir composants/README.md,DigiKey France,490-18663-1-ND,https://www.digikey.fr/en/products/detail/murata-electronics/GRM21BR61H106KE43L/10326316
POWER.kicad_sch,C19,100n,Murata Electronics,GCM155R71H104KE02D,0402 (1005 Metric),Capacitor_SMD:C_0402_1005Metric,${KIPRJMOD}/composants/pdf/GCM155.pdf,490-10672-1-ND,https://www.digikey.fr/fr/products/detail/murata-electronics/GCM155R71H104KE02D/5251433,"100 nF ±10%, 50 V, X7R, 0402 (1005)",0.09,1,2026-09-27,Stock 16172272,Voir composants/catalogue.json et verification/REPORT.md,Voir composants/README.md,DigiKey France,490-10672-1-ND,https://www.digikey.fr/fr/products/detail/murata-electronics/GCM155R71H104KE02D/5251433
POWER.kicad_sch,C20,1u,Samsung Electro-Mechanics,CL10A105KB8NNNC,0603 (1608),Capacitor_SMD:C_0603_1608Metric,${KIPRJMOD}/composants/pdf/CL10A105KB8NNN.pdf,1276-1860-1-ND,https://www.digikey.fr/fr/products/detail/samsung-electro-mechanics/CL10A105KB8NNNC/3887518,"1 µF ±10%, 50 V, X5R, 0603",0.12,1,2026-09-27,Stock 1025442,Voir composants/catalogue.json et verification/REPORT.md,Voir composants/README.md,DigiKey France,1276-1860-1-ND,https://www.digikey.fr/fr/products/detail/samsung-electro-mechanics/CL10A105KB8NNNC/3887518
POWER.kicad_sch,C21,100n,Murata Electronics,GCM155R71H104KE02D,0402 (1005 Metric),Capacitor_SMD:C_0402_1005Metric,${KIPRJMOD}/composants/pdf/GCM155.pdf,490-10672-1-ND,https://www.digikey.fr/fr/products/detail/murata-electronics/GCM155R71H104KE02D/5251433,"100 nF ±10%, 50 V, X7R, 0402 (1005)",0.09,1,2026-09-27,Stock 16172272,Voir composants/catalogue.json et verification/REPORT.md,Voir composants/README.md,DigiKey France,490-10672-1-ND,https://www.digikey.fr/fr/products/detail/murata-electronics/GCM155R71H104KE02D/5251433
POWER.kicad_sch,C22,100n,Murata Electronics,GCM155R71H104KE02D,0402 (1005 Metric),Capacitor_SMD:C_0402_1005Metric,${KIPRJMOD}/composants/pdf/GCM155.pdf,490-10672-1-ND,https://www.digikey.fr/fr/products/detail/murata-electronics/GCM155R71H104KE02D/5251433,"100 nF ±10%, 50 V, X7R, 0402 (1005)",0.09,1,2026-09-27,Stock 16172272,Voir composants/catalogue.json et verification/REPORT.md,Voir composants/README.md,DigiKey France,490-10672-1-ND,https://www.digikey.fr/fr/products/detail/murata-electronics/GCM155R71H104KE02D/5251433
POWER.kicad_sch,C23,22u,Samsung Electro-Mechanics,CL21A226MAYNNNE,"0805 (2012), max H 1.45 mm",Capacitor_SMD:C_0805_2012Metric,${KIPRJMOD}/composants/pdf/CL21A226MAYNNN.pdf,1276-CL21A226MAYNNNECT-ND,https://www.digikey.fr/fr/products/detail/samsung-electro-mechanics/CL21A226MAYNNNE/10479857,"22 µF ±20%, 25 V, X5R, 0805",0.27,1,2026-09-27,Stock 0,Voir composants/catalogue.json et verification/REPORT.md,Voir composants/README.md,DigiKey France,1276-CL21A226MAYNNNECT-ND,https://www.digikey.fr/fr/products/detail/samsung-electro-mechanics/CL21A226MAYNNNE/10479857
POWER.kicad_sch,C24,22u,Samsung Electro-Mechanics,CL21A226MAYNNNE,"0805 (2012), max H 1.45 mm",Capacitor_SMD:C_0805_2012Metric,${KIPRJMOD}/composants/pdf/CL21A226MAYNNN.pdf,1276-CL21A226MAYNNNECT-ND,https://www.digikey.fr/fr/products/detail/samsung-electro-mechanics/CL21A226MAYNNNE/10479857,"22 µF ±20%, 25 V, X5R, 0805",0.27,1,2026-09-27,Stock 0,Voir composants/catalogue.json et verification/REPORT.md,Voir composants/README.md,DigiKey France,1276-CL21A226MAYNNNECT-ND,https://www.digikey.fr/fr/products/detail/samsung-electro-mechanics/CL21A226MAYNNNE/10479857
POWER.kicad_sch,C25,100n,Murata Electronics,GCM155R71H104KE02D,0402 (1005 Metric),Capacitor_SMD:C_0402_1005Metric,${KIPRJMOD}/composants/pdf/GCM155.pdf,490-10672-1-ND,https://www.digikey.fr/fr/products/detail/murata-electronics/GCM155R71H104KE02D/5251433,"100 nF ±10%, 50 V, X7R, 0402 (1005)",0.09,1,2026-09-27,Stock 16172272,Voir composants/catalogue.json et verification/REPORT.md,Voir composants/README.md,DigiKey France,490-10672-1-ND,https://www.digikey.fr/fr/products/detail/murata-electronics/GCM155R71H104KE02D/5251433
POWER.kicad_sch,C26,22u,Samsung Electro-Mechanics,CL21A226MAYNNNE,"0805 (2012), max H 1.45 mm",Capacitor_SMD:C_0805_2012Metric,${KIPRJMOD}/composants/pdf/CL21A226MAYNNN.pdf,1276-CL21A226MAYNNNECT-ND,https://www.digikey.fr/fr/products/detail/samsung-electro-mechanics/CL21A226MAYNNNE/10479857,"22 µF ±20%, 25 V, X5R, 0805",0.27,1,2026-09-27,Stock 0,Voir composants/catalogue.json et verification/REPORT.md,Voir composants/README.md,DigiKey France,1276-CL21A226MAYNNNECT-ND,https://www.digikey.fr/fr/products/detail/samsung-electro-mechanics/CL21A226MAYNNNE/10479857
POWER.kicad_sch,C27,22u,Samsung Electro-Mechanics,CL21A226MAYNNNE,"0805 (2012), max H 1.45 mm",Capacitor_SMD:C_0805_2012Metric,${KIPRJMOD}/composants/pdf/CL21A226MAYNNN.pdf,1276-CL21A226MAYNNNECT-ND,https://www.digikey.fr/fr/products/detail/samsung-electro-mechanics/CL21A226MAYNNNE/10479857,"22 µF ±20%, 25 V, X5R, 0805",0.27,1,2026-09-27,Stock 0,Voir composants/catalogue.json et verification/REPORT.md,Voir composants/README.md,DigiKey France,1276-CL21A226MAYNNNECT-ND,https://www.digikey.fr/fr/products/detail/samsung-electro-mechanics/CL21A226MAYNNNE/10479857
POWER.kicad_sch,C28,100n,Murata Electronics,GCM155R71H104KE02D,0402 (1005 Metric),Capacitor_SMD:C_0402_1005Metric,${KIPRJMOD}/composants/pdf/GCM155.pdf,490-10672-1-ND,https://www.digikey.fr/fr/products/detail/murata-electronics/GCM155R71H104KE02D/5251433,"100 nF ±10%, 50 V, X7R, 0402 (1005)",0.09,1,2026-09-27,Stock 16172272,Voir composants/catalogue.json et verification/REPORT.md,Voir composants/README.md,DigiKey France,490-10672-1-ND,https://www.digikey.fr/fr/products/detail/murata-electronics/GCM155R71H104KE02D/5251433
POWER.kicad_sch,C29,4.7u,Samsung Electro-Mechanics,CL10A475KO8NNNC,0603 (1608),Capacitor_SMD:C_0603_1608Metric,${KIPRJMOD}/composants/pdf/CL10A475KO8NNN.pdf,1276-1784-1-ND,https://www.digikey.fr/fr/products/detail/samsung-electro-mechanics/CL10A475KO8NNNC/3887442,"4.7 µF ±10%, 16 V, X5R, 0603",0.12,1,2026-09-27,Stock 1213,Voir composants/catalogue.json et verification/REPORT.md,Voir composants/README.md,DigiKey France,1276-1784-1-ND,https://www.digikey.fr/fr/products/detail/samsung-electro-mechanics/CL10A475KO8NNNC/3887442
POWER.kicad_sch,C30,4.7u,Samsung Electro-Mechanics,CL10A475KO8NNNC,0603 (1608),Capacitor_SMD:C_0603_1608Metric,${KIPRJMOD}/composants/pdf/CL10A475KO8NNN.pdf,1276-1784-1-ND,https://www.digikey.fr/fr/products/detail/samsung-electro-mechanics/CL10A475KO8NNNC/3887442,"4.7 µF ±10%, 16 V, X5R, 0603",0.12,1,2026-09-27,Stock 1213,Voir composants/catalogue.json et verification/REPORT.md,Voir composants/README.md,DigiKey France,1276-1784-1-ND,https://www.digikey.fr/fr/products/detail/samsung-electro-mechanics/CL10A475KO8NNNC/3887442
POWER.kicad_sch,C31,4.7u,Samsung Electro-Mechanics,CL10A475KO8NNNC,0603 (1608),Capacitor_SMD:C_0603_1608Metric,${KIPRJMOD}/composants/pdf/CL10A475KO8NNN.pdf,1276-1784-1-ND,https://www.digikey.fr/fr/products/detail/samsung-electro-mechanics/CL10A475KO8NNNC/3887442,"4.7 µF ±10%, 16 V, X5R, 0603",0.12,1,2026-09-27,Stock 1213,Voir composants/catalogue.json et verification/REPORT.md,Voir composants/README.md,DigiKey France,1276-1784-1-ND,https://www.digikey.fr/fr/products/detail/samsung-electro-mechanics/CL10A475KO8NNNC/3887442
POWER.kicad_sch,C32,4.7u,Samsung Electro-Mechanics,CL10A475KO8NNNC,0603 (1608),Capacitor_SMD:C_0603_1608Metric,${KIPRJMOD}/composants/pdf/CL10A475KO8NNN.pdf,1276-1784-1-ND,https://www.digikey.fr/fr/products/detail/samsung-electro-mechanics/CL10A475KO8NNNC/3887442,"4.7 µF ±10%, 16 V, X5R, 0603",0.12,1,2026-09-27,Stock 1213,Voir composants/catalogue.json et verification/REPORT.md,Voir composants/README.md,DigiKey France,1276-1784-1-ND,https://www.digikey.fr/fr/products/detail/samsung-electro-mechanics/CL10A475KO8NNNC/3887442
ANALOG_SENS.kicad_sch,C33,100n,Samsung Electro-Mechanics,CL05B104KO5NNNC,0402 (1005),Capacitor_SMD:C_0402_1005Metric,${KIPRJMOD}/composants/pdf/CL05B104KO5NNN.pdf,1276-1001-1-ND,https://www.digikey.fr/fr/products/detail/samsung-electro-mechanics/CL05B104KO5NNNC/3889087,"100 nF ±10%, 16 V, X7R, 0402",0.09,1,2026-09-27,Stock 103052,Voir composants/catalogue.json et verification/REPORT.md,Voir composants/README.md,DigiKey France,1276-1001-1-ND,https://www.digikey.fr/fr/products/detail/samsung-electro-mechanics/CL05B104KO5NNNC/3889087
ANALOG_SENS.kicad_sch,C34,100n,Samsung Electro-Mechanics,CL05B104KO5NNNC,0402 (1005),Capacitor_SMD:C_0402_1005Metric,${KIPRJMOD}/composants/pdf/CL05B104KO5NNN.pdf,1276-1001-1-ND,https://www.digikey.fr/fr/products/detail/samsung-electro-mechanics/CL05B104KO5NNNC/3889087,"100 nF ±10%, 16 V, X7R, 0402",0.09,1,2026-09-27,Stock 103052,Voir composants/catalogue.json et verification/REPORT.md,Voir composants/README.md,DigiKey France,1276-1001-1-ND,https://www.digikey.fr/fr/products/detail/samsung-electro-mechanics/CL05B104KO5NNNC/3889087
ANALOG_SENS.kicad_sch,C35,100n,Samsung Electro-Mechanics,CL05B104KO5NNNC,0402 (1005),Capacitor_SMD:C_0402_1005Metric,${KIPRJMOD}/composants/pdf/CL05B104KO5NNN.pdf,1276-1001-1-ND,https://www.digikey.fr/fr/products/detail/samsung-electro-mechanics/CL05B104KO5NNNC/3889087,"100 nF ±10%, 16 V, X7R, 0402",0.09,1,2026-09-27,Stock 103052,Voir composants/catalogue.json et verification/REPORT.md,Voir composants/README.md,DigiKey France,1276-1001-1-ND,https://www.digikey.fr/fr/products/detail/samsung-electro-mechanics/CL05B104KO5NNNC/3889087
UART_I2C.kicad_sch,C36,100n,Samsung Electro-Mechanics,CL05B104KO5NNNC,0402 (1005),Capacitor_SMD:C_0402_1005Metric,${KIPRJMOD}/composants/pdf/CL05B104KO5NNN.pdf,1276-1001-1-ND,https://www.digikey.fr/fr/products/detail/samsung-electro-mechanics/CL05B104KO5NNNC/3889087,"100 nF ±10%, 16 V, X7R, 0402",0.09,1,2026-09-27,Stock 103052,Voir composants/catalogue.json et verification/REPORT.md,Voir composants/README.md,DigiKey France,1276-1001-1-ND,https://www.digikey.fr/fr/products/detail/samsung-electro-mechanics/CL05B104KO5NNNC/3889087
UART_I2C.kicad_sch,C37,10u,Murata Electronics,GRM21BR61H106KE43L,0805 (2012),Capacitor_SMD:C_0805_2012Metric,${KIPRJMOD}/composants/pdf/GRM21.pdf,490-18663-1-ND,https://www.digikey.fr/en/products/detail/murata-electronics/GRM21BR61H106KE43L/10326316,"10 µF ±10%, 50 V, X5R, 0805",0.28,1,2026-09-27,Stock 0,Voir composants/catalogue.json et verification/REPORT.md,Voir composants/README.md,DigiKey France,490-18663-1-ND,https://www.digikey.fr/en/products/detail/murata-electronics/GRM21BR61H106KE43L/10326316
UART_I2C.kicad_sch,C38,100n,Samsung Electro-Mechanics,CL05B104KO5NNNC,0402 (1005),Capacitor_SMD:C_0402_1005Metric,${KIPRJMOD}/composants/pdf/CL05B104KO5NNN.pdf,1276-1001-1-ND,https://www.digikey.fr/fr/products/detail/samsung-electro-mechanics/CL05B104KO5NNNC/3889087,"100 nF ±10%, 16 V, X7R, 0402",0.09,1,2026-09-27,Stock 103052,Voir composants/catalogue.json et verification/REPORT.md,Voir composants/README.md,DigiKey France,1276-1001-1-ND,https://www.digikey.fr/fr/products/detail/samsung-electro-mechanics/CL05B104KO5NNNC/3889087
UART_I2C.kicad_sch,C39,100n,Samsung Electro-Mechanics,CL05B104KO5NNNC,0402 (1005),Capacitor_SMD:C_0402_1005Metric,${KIPRJMOD}/composants/pdf/CL05B104KO5NNN.pdf,1276-1001-1-ND,https://www.digikey.fr/fr/products/detail/samsung-electro-mechanics/CL05B104KO5NNNC/3889087,"100 nF ±10%, 16 V, X7R, 0402",0.09,1,2026-09-27,Stock 103052,Voir composants/catalogue.json et verification/REPORT.md,Voir composants/README.md,DigiKey France,1276-1001-1-ND,https://www.digikey.fr/fr/products/detail/samsung-electro-mechanics/CL05B104KO5NNNC/3889087
UART_I2C.kicad_sch,C40,100n,Samsung Electro-Mechanics,CL05B104KO5NNNC,0402 (1005),Capacitor_SMD:C_0402_1005Metric,${KIPRJMOD}/composants/pdf/CL05B104KO5NNN.pdf,1276-1001-1-ND,https://www.digikey.fr/fr/products/detail/samsung-electro-mechanics/CL05B104KO5NNNC/3889087,"100 nF ±10%, 16 V, X7R, 0402",0.09,1,2026-09-27,Stock 103052,Voir composants/catalogue.json et verification/REPORT.md,Voir composants/README.md,DigiKey France,1276-1001-1-ND,https://www.digikey.fr/fr/products/detail/samsung-electro-mechanics/CL05B104KO5NNNC/3889087
UART_I2C.kicad_sch,C41,100n,Samsung Electro-Mechanics,CL05B104KO5NNNC,0402 (1005),Capacitor_SMD:C_0402_1005Metric,${KIPRJMOD}/composants/pdf/CL05B104KO5NNN.pdf,1276-1001-1-ND,https://www.digikey.fr/fr/products/detail/samsung-electro-mechanics/CL05B104KO5NNNC/3889087,"100 nF ±10%, 16 V, X7R, 0402",0.09,1,2026-09-27,Stock 103052,Voir composants/catalogue.json et verification/REPORT.md,Voir composants/README.md,DigiKey France,1276-1001-1-ND,https://www.digikey.fr/fr/products/detail/samsung-electro-mechanics/CL05B104KO5NNNC/3889087
CAN.kicad_sch,C42,100n,Samsung Electro-Mechanics,CL05B104KO5NNNC,0402 (1005),Capacitor_SMD:C_0402_1005Metric,${KIPRJMOD}/composants/pdf/CL05B104KO5NNN.pdf,1276-1001-1-ND,https://www.digikey.fr/fr/products/detail/samsung-electro-mechanics/CL05B104KO5NNNC/3889087,"100 nF ±10%, 16 V, X7R, 0402",0.09,1,2026-09-27,Stock 103052,Voir composants/catalogue.json et verification/REPORT.md,Voir composants/README.md,DigiKey France,1276-1001-1-ND,https://www.digikey.fr/fr/products/detail/samsung-electro-mechanics/CL05B104KO5NNNC/3889087
CAN.kicad_sch,C43,100n,Samsung Electro-Mechanics,CL05B104KO5NNNC,0402 (1005),Capacitor_SMD:C_0402_1005Metric,${KIPRJMOD}/composants/pdf/CL05B104KO5NNN.pdf,1276-1001-1-ND,https://www.digikey.fr/fr/products/detail/samsung-electro-mechanics/CL05B104KO5NNNC/3889087,"100 nF ±10%, 16 V, X7R, 0402",0.09,1,2026-09-27,Stock 103052,Voir composants/catalogue.json et verification/REPORT.md,Voir composants/README.md,DigiKey France,1276-1001-1-ND,https://www.digikey.fr/fr/products/detail/samsung-electro-mechanics/CL05B104KO5NNNC/3889087
SENSORS.kicad_sch,C44,4.7u,Samsung Electro-Mechanics,CL05A475MP5NRNC,0402 (1005),Capacitor_SMD:C_0402_1005Metric,${KIPRJMOD}/composants/pdf/CL05A475MP5NRN.pdf,1276-1482-1-ND,https://www.digikey.fr/en/products/detail/samsung-electro-mechanics/CL05A475MP5NRNC/3889568,"4.7 µF ±20%, 10 V, X5R, 0402",0.09,1,2026-09-27,Stock 0,Voir composants/catalogue.json et verification/REPORT.md,Voir composants/README.md,DigiKey France,1276-1482-1-ND,https://www.digikey.fr/en/products/detail/samsung-electro-mechanics/CL05A475MP5NRNC/3889568
SENSORS.kicad_sch,C45,4.7u,Samsung Electro-Mechanics,CL05A475MP5NRNC,0402 (1005),Capacitor_SMD:C_0402_1005Metric,${KIPRJMOD}/composants/pdf/CL05A475MP5NRN.pdf,1276-1482-1-ND,https://www.digikey.fr/en/products/detail/samsung-electro-mechanics/CL05A475MP5NRNC/3889568,"4.7 µF ±20%, 10 V, X5R, 0402",0.09,1,2026-09-27,Stock 0,Voir composants/catalogue.json et verification/REPORT.md,Voir composants/README.md,DigiKey France,1276-1482-1-ND,https://www.digikey.fr/en/products/detail/samsung-electro-mechanics/CL05A475MP5NRNC/3889568
SENSORS.kicad_sch,C46,4.7u,Samsung Electro-Mechanics,CL05A475MP5NRNC,0402 (1005),Capacitor_SMD:C_0402_1005Metric,${KIPRJMOD}/composants/pdf/CL05A475MP5NRN.pdf,1276-1482-1-ND,https://www.digikey.fr/en/products/detail/samsung-electro-mechanics/CL05A475MP5NRNC/3889568,"4.7 µF ±20%, 10 V, X5R, 0402",0.09,1,2026-09-27,Stock 0,Voir composants/catalogue.json et verification/REPORT.md,Voir composants/README.md,DigiKey France,1276-1482-1-ND,https://www.digikey.fr/en/products/detail/samsung-electro-mechanics/CL05A475MP5NRNC/3889568
SENSORS.kicad_sch,C47,100n X7R,Samsung Electro-Mechanics,CL05B104KO5NNNC,0402 (1005),Capacitor_SMD:C_0402_1005Metric,${KIPRJMOD}/composants/pdf/CL05B104KO5NNN.pdf,1276-1001-1-ND,https://www.digikey.fr/fr/products/detail/samsung-electro-mechanics/CL05B104KO5NNNC/3889087,"100 nF ±10%, 16 V, X7R, 0402",0.09,1,2026-09-27,Stock 103052,Voir composants/catalogue.json et verification/REPORT.md,Voir composants/README.md,DigiKey France,1276-1001-1-ND,https://www.digikey.fr/fr/products/detail/samsung-electro-mechanics/CL05B104KO5NNNC/3889087
SENSORS.kicad_sch,C48,100n X7R,Samsung Electro-Mechanics,CL05B104KO5NNNC,0402 (1005),Capacitor_SMD:C_0402_1005Metric,${KIPRJMOD}/composants/pdf/CL05B104KO5NNN.pdf,1276-1001-1-ND,https://www.digikey.fr/fr/products/detail/samsung-electro-mechanics/CL05B104KO5NNNC/3889087,"100 nF ±10%, 16 V, X7R, 0402",0.09,1,2026-09-27,Stock 103052,Voir composants/catalogue.json et verification/REPORT.md,Voir composants/README.md,DigiKey France,1276-1001-1-ND,https://www.digikey.fr/fr/products/detail/samsung-electro-mechanics/CL05B104KO5NNNC/3889087
SENSORS.kicad_sch,C49,100n X7R,Samsung Electro-Mechanics,CL05B104KO5NNNC,0402 (1005),Capacitor_SMD:C_0402_1005Metric,${KIPRJMOD}/composants/pdf/CL05B104KO5NNN.pdf,1276-1001-1-ND,https://www.digikey.fr/fr/products/detail/samsung-electro-mechanics/CL05B104KO5NNNC/3889087,"100 nF ±10%, 16 V, X7R, 0402",0.09,1,2026-09-27,Stock 103052,Voir composants/catalogue.json et verification/REPORT.md,Voir composants/README.md,DigiKey France,1276-1001-1-ND,https://www.digikey.fr/fr/products/detail/samsung-electro-mechanics/CL05B104KO5NNNC/3889087
SENSORS.kicad_sch,C50,100n X7R,Samsung Electro-Mechanics,CL05B104KO5NNNC,0402 (1005),Capacitor_SMD:C_0402_1005Metric,${KIPRJMOD}/composants/pdf/CL05B104KO5NNN.pdf,1276-1001-1-ND,https://www.digikey.fr/fr/products/detail/samsung-electro-mechanics/CL05B104KO5NNNC/3889087,"100 nF ±10%, 16 V, X7R, 0402",0.09,1,2026-09-27,Stock 103052,Voir composants/catalogue.json et verification/REPORT.md,Voir composants/README.md,DigiKey France,1276-1001-1-ND,https://www.digikey.fr/fr/products/detail/samsung-electro-mechanics/CL05B104KO5NNNC/3889087
SENSORS.kicad_sch,C51,100n X7R,Samsung Electro-Mechanics,CL05B104KO5NNNC,0402 (1005),Capacitor_SMD:C_0402_1005Metric,${KIPRJMOD}/composants/pdf/CL05B104KO5NNN.pdf,1276-1001-1-ND,https://www.digikey.fr/fr/products/detail/samsung-electro-mechanics/CL05B104KO5NNNC/3889087,"100 nF ±10%, 16 V, X7R, 0402",0.09,1,2026-09-27,Stock 103052,Voir composants/catalogue.json et verification/REPORT.md,Voir composants/README.md,DigiKey France,1276-1001-1-ND,https://www.digikey.fr/fr/products/detail/samsung-electro-mechanics/CL05B104KO5NNNC/3889087
SENSORS.kicad_sch,C52,100n X7R,Samsung Electro-Mechanics,CL05B104KO5NNNC,0402 (1005),Capacitor_SMD:C_0402_1005Metric,${KIPRJMOD}/composants/pdf/CL05B104KO5NNN.pdf,1276-1001-1-ND,https://www.digikey.fr/fr/products/detail/samsung-electro-mechanics/CL05B104KO5NNNC/3889087,"100 nF ±10%, 16 V, X7R, 0402",0.09,1,2026-09-27,Stock 103052,Voir composants/catalogue.json et verification/REPORT.md,Voir composants/README.md,DigiKey France,1276-1001-1-ND,https://www.digikey.fr/fr/products/detail/samsung-electro-mechanics/CL05B104KO5NNNC/3889087
SENSORS.kicad_sch,C53,100n,Samsung Electro-Mechanics,CL05B104KO5NNNC,0402 (1005),Capacitor_SMD:C_0402_1005Metric,${KIPRJMOD}/composants/pdf/CL05B104KO5NNN.pdf,1276-1001-1-ND,https://www.digikey.fr/fr/products/detail/samsung-electro-mechanics/CL05B104KO5NNNC/3889087,"100 nF ±10%, 16 V, X7R, 0402",0.09,1,2026-09-27,Stock 103052,Voir composants/catalogue.json et verification/REPORT.md,Voir composants/README.md,DigiKey France,1276-1001-1-ND,https://www.digikey.fr/fr/products/detail/samsung-electro-mechanics/CL05B104KO5NNNC/3889087
SENSORS.kicad_sch,C54,100n,Samsung Electro-Mechanics,CL05B104KO5NNNC,0402 (1005),Capacitor_SMD:C_0402_1005Metric,${KIPRJMOD}/composants/pdf/CL05B104KO5NNN.pdf,1276-1001-1-ND,https://www.digikey.fr/fr/products/detail/samsung-electro-mechanics/CL05B104KO5NNNC/3889087,"100 nF ±10%, 16 V, X7R, 0402",0.09,1,2026-09-27,Stock 103052,Voir composants/catalogue.json et verification/REPORT.md,Voir composants/README.md,DigiKey France,1276-1001-1-ND,https://www.digikey.fr/fr/products/detail/samsung-electro-mechanics/CL05B104KO5NNNC/3889087
SENSORS.kicad_sch,C55,100n,Samsung Electro-Mechanics,CL05B104KO5NNNC,0402 (1005),Capacitor_SMD:C_0402_1005Metric,${KIPRJMOD}/composants/pdf/CL05B104KO5NNN.pdf,1276-1001-1-ND,https://www.digikey.fr/fr/products/detail/samsung-electro-mechanics/CL05B104KO5NNNC/3889087,"100 nF ±10%, 16 V, X7R, 0402",0.09,1,2026-09-27,Stock 103052,Voir composants/catalogue.json et verification/REPORT.md,Voir composants/README.md,DigiKey France,1276-1001-1-ND,https://www.digikey.fr/fr/products/detail/samsung-electro-mechanics/CL05B104KO5NNNC/3889087
SENSORS.kicad_sch,C56,100n,Samsung Electro-Mechanics,CL05B104KO5NNNC,0402 (1005),Capacitor_SMD:C_0402_1005Metric,${KIPRJMOD}/composants/pdf/CL05B104KO5NNN.pdf,1276-1001-1-ND,https://www.digikey.fr/fr/products/detail/samsung-electro-mechanics/CL05B104KO5NNNC/3889087,"100 nF ±10%, 16 V, X7R, 0402",0.09,1,2026-09-27,Stock 103052,Voir composants/catalogue.json et verification/REPORT.md,Voir composants/README.md,DigiKey France,1276-1001-1-ND,https://www.digikey.fr/fr/products/detail/samsung-electro-mechanics/CL05B104KO5NNNC/3889087
MICRO_SD.kicad_sch,C57,1u,Samsung Electro-Mechanics,CL05A105KA5NQNC,0402 (1005),Capacitor_SMD:C_0402_1005Metric,${KIPRJMOD}/composants/pdf/CL05A105KA5NQN.pdf,1276-1445-1-ND,https://www.digikey.fr/fr/products/detail/samsung-electro-mechanics/CL05A105KA5NQNC/3887103,"1 µF ±10%, 25 V, X5R, 0402",0.16,1,2026-09-27,Stock 2318576,Voir composants/catalogue.json et verification/REPORT.md,Voir composants/README.md,DigiKey France,1276-1445-1-ND,https://www.digikey.fr/fr/products/detail/samsung-electro-mechanics/CL05A105KA5NQNC/3887103
MICRO_SD.kicad_sch,C58,100n,Samsung Electro-Mechanics,CL05B104KO5NNNC,0402 (1005),Capacitor_SMD:C_0402_1005Metric,${KIPRJMOD}/composants/pdf/CL05B104KO5NNN.pdf,1276-1001-1-ND,https://www.digikey.fr/fr/products/detail/samsung-electro-mechanics/CL05B104KO5NNNC/3889087,"100 nF ±10%, 16 V, X7R, 0402",0.09,1,2026-09-27,Stock 103052,Voir composants/catalogue.json et verification/REPORT.md,Voir composants/README.md,DigiKey France,1276-1001-1-ND,https://www.digikey.fr/fr/products/detail/samsung-electro-mechanics/CL05B104KO5NNNC/3889087
MCU.kicad_sch,D1,19-337/R6GHBHC-M01/2T,Everlight Electronics,19-337/R6GHBHC-M01/2T,"6-SMD, 1.6x1.6x0.35 mm",H743_Custom:Everlight_19-337_1.6x1.6mm,${KIPRJMOD}/composants/pdf/D1_datasheet.pdf,,,"Exact M01 not listed on DigiKey; manufacturer specs: independent RGB, 6-SMD, 1.6x1.6x0.35 mm, 120deg, 624/525/470 nm typ., IF test 5.1/3.5/2.45 mA",,,2026-09-27,Voir composants/BOM_FR.csv,Voir composants/catalogue.json et verification/REPORT.md,Voir composants/README.md,Farnell / RS / DigiKey France,,
POWER.kicad_sch,D2,SMAJ30CA,Diodes Incorporated,SMAJ30CA-13-F,DO-214AC / SMA,H743_Custom:Diodes_SMA_SMAJ30CA,${KIPRJMOD}/composants/pdf/SMAJ30CA.pdf,SMAJ30CA-FDICT-ND,https://www.digikey.fr/en/products/detail/diodes-incorporated/SMAJ30CA-13-F/768797,"Bidirectional TVS, 30 V standoff, 33.3 V breakdown min, 48.4 V clamp max, 400 W, SMA",0.51,1,2026-09-27,Stock 119641,Voir composants/catalogue.json et verification/REPORT.md,Voir composants/README.md,DigiKey France,SMAJ30CA-FDICT-ND,https://www.digikey.fr/en/products/detail/diodes-incorporated/SMAJ30CA-13-F/768797
POWER.kicad_sch,D3,"PMEG4030ER,115",Nexperia,"PMEG4030ER,115","CFP3 / SOD-123W, 2.6 x 1.7 x 1.0 mm",Diode_SMD:Nexperia_CFP3_SOD-123W,${KIPRJMOD}/composants/pdf/PMEG4030ER.pdf,1727-5313-1-ND,https://www.digikey.fr/fr/products/detail/nexperia-usa-inc/PMEG4030ER-115/2676789,"Schottky rectifier, 40 V, 3 A average, Vf max 0.54 V @ 3 A, SOD-123W / CFP3",0.51,1,2026-09-27,Stock 201856,Voir composants/catalogue.json et verification/REPORT.md,Voir composants/README.md,DigiKey France,1727-5313-1-ND,https://www.digikey.fr/fr/products/detail/nexperia-usa-inc/PMEG4030ER-115/2676789
POWER.kicad_sch,D4,1N5819HW-7-F,Diodes Incorporated,1N5819HW-7-F,SOD-123,Diode_SMD:D_SOD-123,${KIPRJMOD}/composants/pdf/1N5819HW.pdf,1N5819HW-FDICT-ND,https://www.digikey.fr/fr/products/detail/diodes-incorporated/1N5819HW-7-F/814970,"Schottky, 40 V, 1 A, SOD-123",0.27,1,2026-09-27,Stock 711720,Voir composants/catalogue.json et verification/REPORT.md,Voir composants/README.md,DigiKey France,1N5819HW-FDICT-ND,https://www.digikey.fr/fr/products/detail/diodes-incorporated/1N5819HW-7-F/814970
CAN.kicad_sch,D5,PESD2CAN,Nexperia,PESD2CANFD24V-TR,SOT-23 / TO-236AB,Package_TO_SOT_SMD:SOT-23,${KIPRJMOD}/composants/pdf/PESD2CANFD24V.pdf,1727-PESD2CANFD24V-CT-ND,https://www.digikey.fr/fr/products/detail/nexperia-usa-inc/PESD2CANFD24V-TR/11487035,"Dual CAN TVS, 24 V standoff, 42 V clamp, 5.2 pF, SOT-23",0.4,1,2026-09-27,Stock 594,Voir composants/catalogue.json et verification/REPORT.md,Voir composants/README.md,DigiKey France,1727-PESD2CANFD24V-CT-ND,https://www.digikey.fr/fr/products/detail/nexperia-usa-inc/PESD2CANFD24V-TR/11487035
MCU.kicad_sch,FB1,600Ω@100MHz,Murata Electronics,BLM15AG601SN1D,0402 (1005),Inductor_SMD:L_0402_1005Metric,${KIPRJMOD}/composants/pdf/BLM15.pdf,490-1006-1-ND,https://www.digikey.fr/fr/products/detail/murata-electronics/BLM15AG601SN1D/584217,"600 Ω @100 MHz, 300 mA, 0402",0.09,1,2026-09-27,Stock 1305813,Voir composants/catalogue.json et verification/REPORT.md,Voir composants/README.md,DigiKey France,490-1006-1-ND,https://www.digikey.fr/fr/products/detail/murata-electronics/BLM15AG601SN1D/584217
H743_Ardupilot.kicad_sch,H1,MountingHole_Pad,,,,MountingHole:MountingHole_3.2mm_M3_ISO7380_Pad,,,,,,,,,,,,,
H743_Ardupilot.kicad_sch,H2,MountingHole_Pad,,,,MountingHole:MountingHole_3.2mm_M3_ISO7380_Pad,,,,,,,,,,,,,
H743_Ardupilot.kicad_sch,H3,MountingHole_Pad,,,,MountingHole:MountingHole_3.2mm_M3_ISO7380_Pad,,,,,,,,,,,,,
H743_Ardupilot.kicad_sch,H4,MountingHole_Pad,,,,MountingHole:MountingHole_3.2mm_M3_ISO7380_Pad,,,,,,,,,,,,,
ANALOG_SENS.kicad_sch,J1,Analog,,,"Solder pad array 1x4, P2.54 mm, 1.00x1.00 mm SMD",H743_Custom:SolderPadArray_1x04_P2.54mm_1x1mm,,,,,,,2026-09-25,PCB feature / no purchased component,See verification/COMPONENTS.csv and verification/REPORT.md,See verification/COMPONENTS.csv and verification/REPORT.md,,,
UART_I2C.kicad_sch,J2,Uart1,,,"Solder pad array 1x4, P2.54 mm, 1.00x1.00 mm SMD",H743_Custom:SolderPadArray_1x04_P2.54mm_1x1mm,,,,,,,2026-09-25,PCB feature / no purchased component,See verification/COMPONENTS.csv and verification/REPORT.md,See verification/COMPONENTS.csv and verification/REPORT.md,,,
UART_I2C.kicad_sch,J3,Uart4,,,"Solder pad array 1x4, P2.54 mm, 1.00x1.00 mm SMD",H743_Custom:SolderPadArray_1x04_P2.54mm_1x1mm,,,,,,,2026-09-25,PCB feature / no purchased component,See verification/COMPONENTS.csv and verification/REPORT.md,See verification/COMPONENTS.csv and verification/REPORT.md,,,
UART_I2C.kicad_sch,J4,Uart7,,,"Solder pad array 1x6, P2.54 mm, 1.00x1.00 mm SMD",H743_Custom:SolderPadArray_1x06_P2.54mm_1x1mm,,,,,,,2026-09-25,PCB feature / no purchased component,See verification/COMPONENTS.csv and verification/REPORT.md,See verification/COMPONENTS.csv and verification/REPORT.md,,,
UART_I2C.kicad_sch,J5,Uart(,,,"Solder pad array 1x4, P2.54 mm, 1.00x1.00 mm SMD",H743_Custom:SolderPadArray_1x04_P2.54mm_1x1mm,,,,,,,2026-09-25,PCB feature / no purchased component,See verification/COMPONENTS.csv and verification/REPORT.md,See verification/COMPONENTS.csv and verification/REPORT.md,,,
UART_I2C.kicad_sch,J6,Uart6,,,"Solder pad array 1x4, P2.54 mm, 1.00x1.00 mm SMD",H743_Custom:SolderPadArray_1x04_P2.54mm_1x1mm,,,,,,,2026-09-25,PCB feature / no purchased component,See verification/COMPONENTS.csv and verification/REPORT.md,See verification/COMPONENTS.csv and verification/REPORT.md,,,
UART_I2C.kicad_sch,J7,Uart3,,,"Solder pad array 1x4, P2.54 mm, 1.00x1.00 mm SMD",H743_Custom:SolderPadArray_1x04_P2.54mm_1x1mm,,,,,,,2026-09-25,PCB feature / no purchased component,See verification/COMPONENTS.csv and verification/REPORT.md,See verification/COMPONENTS.csv and verification/REPORT.md,,,
SENSORS.kicad_sch,J8,I2C1,,,"Solder pad array 1x4, P2.54 mm, 1.00x1.00 mm SMD",H743_Custom:SolderPadArray_1x04_P2.54mm_1x1mm,,,,,,,2026-09-25,PCB feature / no purchased component,See verification/COMPONENTS.csv and verification/REPORT.md,See verification/COMPONENTS.csv and verification/REPORT.md,,,
SENSORS.kicad_sch,J9,I2C_2,,,"Solder pad array 1x4, P2.54 mm, 1.00x1.00 mm SMD",H743_Custom:SolderPadArray_1x04_P2.54mm_1x1mm,,,,,,,2026-09-25,PCB feature / no purchased component,See verification/COMPONENTS.csv and verification/REPORT.md,See verification/COMPONENTS.csv and verification/REPORT.md,,,
BUZZER.kicad_sch,J10,Led ext,,,,H743_Custom:SolderPadArray_1x03_P2.54mm_1x1mm,,,,,,,,,,,,,
BUZZER.kicad_sch,J11,Buzzer,,,,H743_Custom:SolderPadArray_1x03_P2.54mm_1x1mm,,,,,,,,,,,,,
MICRO_SD.kicad_sch,J12,10067099-200LF,Amphenol ICC (FCI),10067099-200LF,"microSD, SMD right-angle top-mount, 10 positions (8+2), H=2.65 mm",H743_Custom:Amphenol_10067099-200LF_RevH,${KIPRJMOD}/composants/pdf/10067099.pdf,609-5773-1-ND,https://www.digikey.fr/fr/products/detail/amphenol-icc-fci/10067099-200LF/4238739,10 (8+2) positions; microSD; push-in/pull-out; right-angle SMD; H=2.65 mm; Au contacts; 1.10 mm pitch,0.78,1,2026-09-27,Stock 32954,Voir composants/catalogue.json et verification/REPORT.md,Voir composants/README.md,DigiKey France,609-5773-1-ND,https://www.digikey.fr/fr/products/detail/amphenol-icc-fci/10067099-200LF/4238739
CAN.kicad_sch,J13,Can1_2,,,"Solder pad array 1x4, P2.54 mm, 1.00x1.00 mm SMD",H743_Custom:SolderPadArray_1x04_P2.54mm_1x1mm,,,,,,,2026-09-25,PCB feature / no purchased component,See verification/COMPONENTS.csv and verification/REPORT.md,See verification/COMPONENTS.csv and verification/REPORT.md,,,
CAN.kicad_sch,J14,Can1_1,,,"Solder pad array 1x4, P2.54 mm, 1.00x1.00 mm SMD",H743_Custom:SolderPadArray_1x04_P2.54mm_1x1mm,,,,,,,2026-09-25,PCB feature / no purchased component,See verification/COMPONENTS.csv and verification/REPORT.md,See verification/COMPONENTS.csv and verification/REPORT.md,,,
MCU.kicad_sch,JP1,SolderJumper_2_Open,,,PCB solder jumper,Jumper:SolderJumper-2_P1.3mm_Open_RoundedPad1.0x1.5mm,~,,,,0,N/A,2026-09-25,PCB feature / no purchased component,See verification/COMPONENTS.csv and verification/REPORT.md,See verification/COMPONENTS.csv and verification/REPORT.md,,,
POWER.kicad_sch,L1,3.3u,Coilcraft,XGL4030-332MEC,"XGL4030, 4.0x4.0x3.1 mm",H743_Custom:L_Coilcraft_XGL4030,${KIPRJMOD}/composants/pdf/XGL4030_mirror.pdf,,,"3.3 µH, ±20%, Irms 7.5 A, Isat 5.3 A (30% L drop), DCR 21.9 mΩ max, 4.0x4.0x3.1 mm",,,2026-09-27,Voir composants/BOM_FR.csv,Voir composants/catalogue.json et verification/REPORT.md,Voir composants/README.md,Farnell / RS / DigiKey France,,
POWER.kicad_sch,L2,3.3u,Coilcraft,XGL4030-332MEC,"XGL4030, 4.0x4.0x3.1 mm",H743_Custom:L_Coilcraft_XGL4030,${KIPRJMOD}/composants/pdf/XGL4030_mirror.pdf,,,"3.3 µH, ±20%, Irms 7.5 A, Isat 5.3 A (30% L drop), DCR 21.9 mΩ max, 4.0x4.0x3.1 mm",,,2026-09-27,Voir composants/BOM_FR.csv,Voir composants/catalogue.json et verification/REPORT.md,Voir composants/README.md,Farnell / RS / DigiKey France,,
BUZZER.kicad_sch,Q1,AO3400A,Alpha & Omega Semiconductor,AO3400A,SOT-23-3,Package_TO_SOT_SMD:SOT-23,${KIPRJMOD}/composants/pdf/Q1_datasheet.pdf,785-1000-1-ND,https://www.digikey.fr/fr/products/detail/alpha-omega-semiconductor-inc/AO3400A/1855942,"N-MOSFET 30 V, 5.7 A, SOT-23-3, RDS(on) 26.5 mΩ max @10 V",0.45,1,2026-09-27,Stock 303659,Voir composants/catalogue.json et verification/REPORT.md,Voir composants/README.md,DigiKey France,785-1000-1-ND,https://www.digikey.fr/fr/products/detail/alpha-omega-semiconductor-inc/AO3400A/1855942
H743_Ardupilot.kicad_sch,R1,5.1K,UNI-ROYAL(Uniroyal Elec),0402WGF5101TCE,,Resistor_SMD:R_0402_1005Metric,${KIPRJMOD}/composants/pdf/Royalohm.pdf,,,,,,2026-09-27,Voir composants/BOM_FR.csv,Voir composants/catalogue.json et verification/REPORT.md,Voir composants/README.md,Farnell / RS / DigiKey France,,
H743_Ardupilot.kicad_sch,R2,5.1K,UNI-ROYAL(Uniroyal Elec),0402WGF5101TCE,,Resistor_SMD:R_0402_1005Metric,${KIPRJMOD}/composants/pdf/Royalohm.pdf,,,,,,2026-09-27,Voir composants/BOM_FR.csv,Voir composants/catalogue.json et verification/REPORT.md,Voir composants/README.md,Farnell / RS / DigiKey France,,
MCU.kicad_sch,R3,220R,YAGEO,RC0402FR-07220RL,0402 (1005),Resistor_SMD:R_0402_1005Metric,${KIPRJMOD}/composants/pdf/Yageo_RC.pdf,311-220LRCT-ND,https://www.digikey.fr/fr/products/detail/yageo/RC0402FR-07220RL/726565,"220 Ω ±1%, 0402",0.09,1,2026-09-27,Stock 889327,Voir composants/catalogue.json et verification/REPORT.md,Voir composants/README.md,DigiKey France,311-220LRCT-ND,https://www.digikey.fr/fr/products/detail/yageo/RC0402FR-07220RL/726565
MCU.kicad_sch,R4,220R,YAGEO,RC0402FR-07220RL,0402 (1005),Resistor_SMD:R_0402_1005Metric,${KIPRJMOD}/composants/pdf/Yageo_RC.pdf,311-220LRCT-ND,https://www.digikey.fr/fr/products/detail/yageo/RC0402FR-07220RL/726565,"220 Ω ±1%, 0402",0.09,1,2026-09-27,Stock 889327,Voir composants/catalogue.json et verification/REPORT.md,Voir composants/README.md,DigiKey France,311-220LRCT-ND,https://www.digikey.fr/fr/products/detail/yageo/RC0402FR-07220RL/726565
MCU.kicad_sch,R5,220R,YAGEO,RC0402FR-07220RL,0402 (1005),Resistor_SMD:R_0402_1005Metric,${KIPRJMOD}/composants/pdf/Yageo_RC.pdf,311-220LRCT-ND,https://www.digikey.fr/fr/products/detail/yageo/RC0402FR-07220RL/726565,"220 Ω ±1%, 0402",0.09,1,2026-09-27,Stock 889327,Voir composants/catalogue.json et verification/REPORT.md,Voir composants/README.md,DigiKey France,311-220LRCT-ND,https://www.digikey.fr/fr/products/detail/yageo/RC0402FR-07220RL/726565
MCU.kicad_sch,R6,10K,YAGEO,RC0402FR-0710KL,0402 (1005),Resistor_SMD:R_0402_1005Metric,${KIPRJMOD}/composants/pdf/Yageo_RC.pdf,311-10.0KLRCT-ND,https://www.digikey.fr/fr/products/detail/yageo/RC0402FR-0710KL/726523,"10 kΩ ±1%, 0402",0.09,1,2026-09-27,Stock 9912210,Voir composants/catalogue.json et verification/REPORT.md,Voir composants/README.md,DigiKey France,311-10.0KLRCT-ND,https://www.digikey.fr/fr/products/detail/yageo/RC0402FR-0710KL/726523
MCU.kicad_sch,R7,100K,YAGEO,RC0402FR-07100KL,0402 (1005),Resistor_SMD:R_0402_1005Metric,${KIPRJMOD}/composants/pdf/Yageo_RC.pdf,311-100KLRCT-ND,https://www.digikey.fr/fr/products/detail/yageo/RC0402FR-07100KL/726526,"100 kΩ ±1%, 0402",0.09,1,2026-09-27,Stock 6470366,Voir composants/catalogue.json et verification/REPORT.md,Voir composants/README.md,DigiKey France,311-100KLRCT-ND,https://www.digikey.fr/fr/products/detail/yageo/RC0402FR-07100KL/726526
POWER.kicad_sch,R8,100K,YAGEO,RC0402FR-07100KL,0402 (1005 Metric),Resistor_SMD:R_0402_1005Metric,${KIPRJMOD}/composants/pdf/Yageo_RC.pdf,311-100KLRCT-ND,https://www.digikey.fr/fr/products/detail/yageo/RC0402FR-07100KL/726526,"100K ±1%, 0402 (1005), thick film",0.09,1,2026-09-27,Stock 6470366,Voir composants/catalogue.json et verification/REPORT.md,Voir composants/README.md,DigiKey France,311-100KLRCT-ND,https://www.digikey.fr/fr/products/detail/yageo/RC0402FR-07100KL/726526
POWER.kicad_sch,R9,16.5k,YAGEO,RC0402FR-0716K5L,0402 (1005 Metric),Resistor_SMD:R_0402_1005Metric,${KIPRJMOD}/composants/pdf/Yageo_RC.pdf,,,"16.5k ±1%, 0402 (1005), thick film",,,2026-09-27,Voir composants/BOM_FR.csv,Voir composants/catalogue.json et verification/REPORT.md,Voir composants/README.md,Farnell / RS / DigiKey France,,
POWER.kicad_sch,R10,100K,YAGEO,RC0402FR-07100KL,0402 (1005 Metric),Resistor_SMD:R_0402_1005Metric,${KIPRJMOD}/composants/pdf/Yageo_RC.pdf,311-100KLRCT-ND,https://www.digikey.fr/fr/products/detail/yageo/RC0402FR-07100KL/726526,"100K ±1%, 0402 (1005), thick film",0.09,1,2026-09-27,Stock 6470366,Voir composants/catalogue.json et verification/REPORT.md,Voir composants/README.md,DigiKey France,311-100KLRCT-ND,https://www.digikey.fr/fr/products/detail/yageo/RC0402FR-07100KL/726526
POWER.kicad_sch,R11,12.4K,YAGEO,RC0402FR-0712K4L,0402 (1005 Metric),Resistor_SMD:R_0402_1005Metric,${KIPRJMOD}/composants/pdf/Yageo_RC.pdf,311-12.4KLRCT-ND,https://www.digikey.fr/fr/products/detail/yageo/RC0402FR-0712K4L/2827623,"12.4K ±1%, 0402 (1005), thick film",0.09,1,2026-09-27,Stock 505611,Voir composants/catalogue.json et verification/REPORT.md,Voir composants/README.md,DigiKey France,311-12.4KLRCT-ND,https://www.digikey.fr/fr/products/detail/yageo/RC0402FR-0712K4L/2827623
POWER.kicad_sch,R12,10K,YAGEO,RC0402FR-0710KL,0402 (1005 Metric),Resistor_SMD:R_0402_1005Metric,${KIPRJMOD}/composants/pdf/Yageo_RC.pdf,311-10.0KLRCT-ND,https://www.digikey.fr/fr/products/detail/yageo/RC0402FR-0710KL/726523,"10K ±1%, 0402 (1005), thick film",0.09,1,2026-09-27,Stock 9912210,Voir composants/catalogue.json et verification/REPORT.md,Voir composants/README.md,DigiKey France,311-10.0KLRCT-ND,https://www.digikey.fr/fr/products/detail/yageo/RC0402FR-0710KL/726523
POWER.kicad_sch,R13,10K,YAGEO,RC0402FR-0710KL,0402 (1005 Metric),Resistor_SMD:R_0402_1005Metric,${KIPRJMOD}/composants/pdf/Yageo_RC.pdf,311-10.0KLRCT-ND,https://www.digikey.fr/fr/products/detail/yageo/RC0402FR-0710KL/726523,"10K ±1%, 0402 (1005), thick film",0.09,1,2026-09-27,Stock 9912210,Voir composants/catalogue.json et verification/REPORT.md,Voir composants/README.md,DigiKey France,311-10.0KLRCT-ND,https://www.digikey.fr/fr/products/detail/yageo/RC0402FR-0710KL/726523
ANALOG_SENS.kicad_sch,R14,10K,YAGEO,RC0402FR-0710KL,0402 (1005),Resistor_SMD:R_0402_1005Metric,${KIPRJMOD}/composants/pdf/Yageo_RC.pdf,311-10.0KLRCT-ND,https://www.digikey.fr/fr/products/detail/yageo/RC0402FR-0710KL/726523,"10 kΩ ±1%, 0402",0.09,1,2026-09-27,Stock 9912210,Voir composants/catalogue.json et verification/REPORT.md,Voir composants/README.md,DigiKey France,311-10.0KLRCT-ND,https://www.digikey.fr/fr/products/detail/yageo/RC0402FR-0710KL/726523
ANALOG_SENS.kicad_sch,R15,1K,YAGEO,RC0402FR-071KL,0402 (1005),Resistor_SMD:R_0402_1005Metric,${KIPRJMOD}/composants/pdf/Yageo_RC.pdf,311-1.00KLRCT-ND,https://www.digikey.fr/fr/products/detail/yageo/RC0402FR-071KL/726513,"1 kΩ ±1%, 0402",0.09,1,2026-09-27,Stock 5940542,Voir composants/catalogue.json et verification/REPORT.md,Voir composants/README.md,DigiKey France,311-1.00KLRCT-ND,https://www.digikey.fr/fr/products/detail/yageo/RC0402FR-071KL/726513
ANALOG_SENS.kicad_sch,R16,10K,YAGEO,RC0402FR-0710KL,0402 (1005),Resistor_SMD:R_0402_1005Metric,${KIPRJMOD}/composants/pdf/Yageo_RC.pdf,311-10.0KLRCT-ND,https://www.digikey.fr/fr/products/detail/yageo/RC0402FR-0710KL/726523,"10 kΩ ±1%, 0402",0.09,1,2026-09-27,Stock 9912210,Voir composants/catalogue.json et verification/REPORT.md,Voir composants/README.md,DigiKey France,311-10.0KLRCT-ND,https://www.digikey.fr/fr/products/detail/yageo/RC0402FR-0710KL/726523
ANALOG_SENS.kicad_sch,R17,10K,YAGEO,RC0402FR-0710KL,0402 (1005),Resistor_SMD:R_0402_1005Metric,${KIPRJMOD}/composants/pdf/Yageo_RC.pdf,311-10.0KLRCT-ND,https://www.digikey.fr/fr/products/detail/yageo/RC0402FR-0710KL/726523,"10 kΩ ±1%, 0402",0.09,1,2026-09-27,Stock 9912210,Voir composants/catalogue.json et verification/REPORT.md,Voir composants/README.md,DigiKey France,311-10.0KLRCT-ND,https://www.digikey.fr/fr/products/detail/yageo/RC0402FR-0710KL/726523
ANALOG_SENS.kicad_sch,R18,20K,YAGEO,RC0402FR-0720KL,0402 (1005),Resistor_SMD:R_0402_1005Metric,${KIPRJMOD}/composants/pdf/Yageo_RC.pdf,311-20.0KLRCT-ND,https://www.digikey.fr/fr/products/detail/yageo/RC0402FR-0720KL/726557,"20 kΩ ±1%, 0402",0.09,1,2026-09-27,Stock 2268038,Voir composants/catalogue.json et verification/REPORT.md,Voir composants/README.md,DigiKey France,311-20.0KLRCT-ND,https://www.digikey.fr/fr/products/detail/yageo/RC0402FR-0720KL/726557
ANALOG_SENS.kicad_sch,R19,1K,YAGEO,RC0402FR-071KL,0402 (1005),Resistor_SMD:R_0402_1005Metric,${KIPRJMOD}/composants/pdf/Yageo_RC.pdf,311-1.00KLRCT-ND,https://www.digikey.fr/fr/products/detail/yageo/RC0402FR-071KL/726513,"1 kΩ ±1%, 0402",0.09,1,2026-09-27,Stock 5940542,Voir composants/catalogue.json et verification/REPORT.md,Voir composants/README.md,DigiKey France,311-1.00KLRCT-ND,https://www.digikey.fr/fr/products/detail/yageo/RC0402FR-071KL/726513
UART_I2C.kicad_sch,R20,200,YAGEO,RC0402FR-07200RL,0402 (1005 Metric),Resistor_SMD:R_0402_1005Metric,${KIPRJMOD}/composants/pdf/Yageo_RC.pdf,311-200LRCT-ND,https://www.digikey.fr/en/products/detail/yageo/RC0402FR-07200RL/2827569,"200 ±1%, 0402 (1005), thick film",0.09,1,2026-09-27,Stock 0,Voir composants/catalogue.json et verification/REPORT.md,Voir composants/README.md,DigiKey France,311-200LRCT-ND,https://www.digikey.fr/en/products/detail/yageo/RC0402FR-07200RL/2827569
UART_I2C.kicad_sch,R21,200,YAGEO,RC0402FR-07200RL,0402 (1005 Metric),Resistor_SMD:R_0402_1005Metric,${KIPRJMOD}/composants/pdf/Yageo_RC.pdf,311-200LRCT-ND,https://www.digikey.fr/en/products/detail/yageo/RC0402FR-07200RL/2827569,"200 ±1%, 0402 (1005), thick film",0.09,1,2026-09-27,Stock 0,Voir composants/catalogue.json et verification/REPORT.md,Voir composants/README.md,DigiKey France,311-200LRCT-ND,https://www.digikey.fr/en/products/detail/yageo/RC0402FR-07200RL/2827569
UART_I2C.kicad_sch,R22,200,YAGEO,RC0402FR-07200RL,0402 (1005 Metric),Resistor_SMD:R_0402_1005Metric,${KIPRJMOD}/composants/pdf/Yageo_RC.pdf,311-200LRCT-ND,https://www.digikey.fr/en/products/detail/yageo/RC0402FR-07200RL/2827569,"200 ±1%, 0402 (1005), thick film",0.09,1,2026-09-27,Stock 0,Voir composants/catalogue.json et verification/REPORT.md,Voir composants/README.md,DigiKey France,311-200LRCT-ND,https://www.digikey.fr/en/products/detail/yageo/RC0402FR-07200RL/2827569
UART_I2C.kicad_sch,R23,200,YAGEO,RC0402FR-07200RL,0402 (1005 Metric),Resistor_SMD:R_0402_1005Metric,${KIPRJMOD}/composants/pdf/Yageo_RC.pdf,311-200LRCT-ND,https://www.digikey.fr/en/products/detail/yageo/RC0402FR-07200RL/2827569,"200 ±1%, 0402 (1005), thick film",0.09,1,2026-09-27,Stock 0,Voir composants/catalogue.json et verification/REPORT.md,Voir composants/README.md,DigiKey France,311-200LRCT-ND,https://www.digikey.fr/en/products/detail/yageo/RC0402FR-07200RL/2827569
UART_I2C.kicad_sch,R24,200,YAGEO,RC0402FR-07200RL,0402 (1005 Metric),Resistor_SMD:R_0402_1005Metric,${KIPRJMOD}/composants/pdf/Yageo_RC.pdf,311-200LRCT-ND,https://www.digikey.fr/en/products/detail/yageo/RC0402FR-07200RL/2827569,"200 ±1%, 0402 (1005), thick film",0.09,1,2026-09-27,Stock 0,Voir composants/catalogue.json et verification/REPORT.md,Voir composants/README.md,DigiKey France,311-200LRCT-ND,https://www.digikey.fr/en/products/detail/yageo/RC0402FR-07200RL/2827569
UART_I2C.kicad_sch,R25,200,YAGEO,RC0402FR-07200RL,0402 (1005 Metric),Resistor_SMD:R_0402_1005Metric,${KIPRJMOD}/composants/pdf/Yageo_RC.pdf,311-200LRCT-ND,https://www.digikey.fr/en/products/detail/yageo/RC0402FR-07200RL/2827569,"200 ±1%, 0402 (1005), thick film",0.09,1,2026-09-27,Stock 0,Voir composants/catalogue.json et verification/REPORT.md,Voir composants/README.md,DigiKey France,311-200LRCT-ND,https://www.digikey.fr/en/products/detail/yageo/RC0402FR-07200RL/2827569
UART_I2C.kicad_sch,R26,200,YAGEO,RC0402FR-07200RL,0402 (1005 Metric),Resistor_SMD:R_0402_1005Metric,${KIPRJMOD}/composants/pdf/Yageo_RC.pdf,311-200LRCT-ND,https://www.digikey.fr/en/products/detail/yageo/RC0402FR-07200RL/2827569,"200 ±1%, 0402 (1005), thick film",0.09,1,2026-09-27,Stock 0,Voir composants/catalogue.json et verification/REPORT.md,Voir composants/README.md,DigiKey France,311-200LRCT-ND,https://www.digikey.fr/en/products/detail/yageo/RC0402FR-07200RL/2827569
UART_I2C.kicad_sch,R27,200,YAGEO,RC0402FR-07200RL,0402 (1005 Metric),Resistor_SMD:R_0402_1005Metric,${KIPRJMOD}/composants/pdf/Yageo_RC.pdf,311-200LRCT-ND,https://www.digikey.fr/en/products/detail/yageo/RC0402FR-07200RL/2827569,"200 ±1%, 0402 (1005), thick film",0.09,1,2026-09-27,Stock 0,Voir composants/catalogue.json et verification/REPORT.md,Voir composants/README.md,DigiKey France,311-200LRCT-ND,https://www.digikey.fr/en/products/detail/yageo/RC0402FR-07200RL/2827569
UART_I2C.kicad_sch,R28,200,YAGEO,RC0402FR-07200RL,0402 (1005 Metric),Resistor_SMD:R_0402_1005Metric,${KIPRJMOD}/composants/pdf/Yageo_RC.pdf,311-200LRCT-ND,https://www.digikey.fr/en/products/detail/yageo/RC0402FR-07200RL/2827569,"200 ±1%, 0402 (1005), thick film",0.09,1,2026-09-27,Stock 0,Voir composants/catalogue.json et verification/REPORT.md,Voir composants/README.md,DigiKey France,311-200LRCT-ND,https://www.digikey.fr/en/products/detail/yageo/RC0402FR-07200RL/2827569
UART_I2C.kicad_sch,R29,200,YAGEO,RC0402FR-07200RL,0402 (1005 Metric),Resistor_SMD:R_0402_1005Metric,${KIPRJMOD}/composants/pdf/Yageo_RC.pdf,311-200LRCT-ND,https://www.digikey.fr/en/products/detail/yageo/RC0402FR-07200RL/2827569,"200 ±1%, 0402 (1005), thick film",0.09,1,2026-09-27,Stock 0,Voir composants/catalogue.json et verification/REPORT.md,Voir composants/README.md,DigiKey France,311-200LRCT-ND,https://www.digikey.fr/en/products/detail/yageo/RC0402FR-07200RL/2827569
UART_I2C.kicad_sch,R30,200,YAGEO,RC0402FR-07200RL,0402 (1005 Metric),Resistor_SMD:R_0402_1005Metric,${KIPRJMOD}/composants/pdf/Yageo_RC.pdf,311-200LRCT-ND,https://www.digikey.fr/en/products/detail/yageo/RC0402FR-07200RL/2827569,"200 ±1%, 0402 (1005), thick film",0.09,1,2026-09-27,Stock 0,Voir composants/catalogue.json et verification/REPORT.md,Voir composants/README.md,DigiKey France,311-200LRCT-ND,https://www.digikey.fr/en/products/detail/yageo/RC0402FR-07200RL/2827569
UART_I2C.kicad_sch,R31,200,YAGEO,RC0402FR-07200RL,0402 (1005 Metric),Resistor_SMD:R_0402_1005Metric,${KIPRJMOD}/composants/pdf/Yageo_RC.pdf,311-200LRCT-ND,https://www.digikey.fr/en/products/detail/yageo/RC0402FR-07200RL/2827569,"200 ±1%, 0402 (1005), thick film",0.09,1,2026-09-27,Stock 0,Voir composants/catalogue.json et verification/REPORT.md,Voir composants/README.md,DigiKey France,311-200LRCT-ND,https://www.digikey.fr/en/products/detail/yageo/RC0402FR-07200RL/2827569
UART_I2C.kicad_sch,R32,200,YAGEO,RC0402FR-07200RL,0402 (1005 Metric),Resistor_SMD:R_0402_1005Metric,${KIPRJMOD}/composants/pdf/Yageo_RC.pdf,311-200LRCT-ND,https://www.digikey.fr/en/products/detail/yageo/RC0402FR-07200RL/2827569,"200 ±1%, 0402 (1005), thick film",0.09,1,2026-09-27,Stock 0,Voir composants/catalogue.json et verification/REPORT.md,Voir composants/README.md,DigiKey France,311-200LRCT-ND,https://www.digikey.fr/en/products/detail/yageo/RC0402FR-07200RL/2827569
UART_I2C.kicad_sch,R33,200,YAGEO,RC0402FR-07200RL,0402 (1005 Metric),Resistor_SMD:R_0402_1005Metric,${KIPRJMOD}/composants/pdf/Yageo_RC.pdf,311-200LRCT-ND,https://www.digikey.fr/en/products/detail/yageo/RC0402FR-07200RL/2827569,"200 ±1%, 0402 (1005), thick film",0.09,1,2026-09-27,Stock 0,Voir composants/catalogue.json et verification/REPORT.md,Voir composants/README.md,DigiKey France,311-200LRCT-ND,https://www.digikey.fr/en/products/detail/yageo/RC0402FR-07200RL/2827569
SENSORS.kicad_sch,R34,0R,YAGEO,RC0402JR-070RL,0402 (1005),Resistor_SMD:R_0402_1005Metric,${KIPRJMOD}/composants/pdf/Yageo_RC.pdf,311-0.0JRCT-ND,https://www.digikey.fr/en/products/detail/yageo/RC0402JR-070RL/729353,"0 Ω jumper, 0402 (1005), thick film",0.09,1,2026-09-27,Stock 11678700,Voir composants/catalogue.json et verification/REPORT.md,Voir composants/README.md,DigiKey France,311-0.0JRCT-ND,https://www.digikey.fr/en/products/detail/yageo/RC0402JR-070RL/729353
SENSORS.kicad_sch,R35,0R,YAGEO,RC0402JR-070RL,0402 (1005),Resistor_SMD:R_0402_1005Metric,${KIPRJMOD}/composants/pdf/Yageo_RC.pdf,311-0.0JRCT-ND,https://www.digikey.fr/en/products/detail/yageo/RC0402JR-070RL/729353,"0 Ω jumper, 0402 (1005), thick film",0.09,1,2026-09-27,Stock 11678700,Voir composants/catalogue.json et verification/REPORT.md,Voir composants/README.md,DigiKey France,311-0.0JRCT-ND,https://www.digikey.fr/en/products/detail/yageo/RC0402JR-070RL/729353
SENSORS.kicad_sch,R36,0R,YAGEO,RC0402JR-070RL,0402 (1005),Resistor_SMD:R_0402_1005Metric,${KIPRJMOD}/composants/pdf/Yageo_RC.pdf,311-0.0JRCT-ND,https://www.digikey.fr/en/products/detail/yageo/RC0402JR-070RL/729353,"0 Ω jumper, 0402 (1005), thick film",0.09,1,2026-09-27,Stock 11678700,Voir composants/catalogue.json et verification/REPORT.md,Voir composants/README.md,DigiKey France,311-0.0JRCT-ND,https://www.digikey.fr/en/products/detail/yageo/RC0402JR-070RL/729353
SENSORS.kicad_sch,R37,4.7K,YAGEO,RC0402FR-074K7L,0402 (1005),Resistor_SMD:R_0402_1005Metric,${KIPRJMOD}/composants/pdf/Yageo_RC.pdf,311-4.7KLRCT-ND,https://www.digikey.fr/en/products/detail/yageo/RC0402FR-074K7L/2827563,"4.7 kΩ ±1%, 0.063 W, 0402",0.09,1,2026-09-27,Stock 0,Voir composants/catalogue.json et verification/REPORT.md,Voir composants/README.md,DigiKey France,311-4.7KLRCT-ND,https://www.digikey.fr/en/products/detail/yageo/RC0402FR-074K7L/2827563
SENSORS.kicad_sch,R38,4.7K,YAGEO,RC0402FR-074K7L,0402 (1005),Resistor_SMD:R_0402_1005Metric,${KIPRJMOD}/composants/pdf/Yageo_RC.pdf,311-4.7KLRCT-ND,https://www.digikey.fr/en/products/detail/yageo/RC0402FR-074K7L/2827563,"4.7 kΩ ±1%, 0.063 W, 0402",0.09,1,2026-09-27,Stock 0,Voir composants/catalogue.json et verification/REPORT.md,Voir composants/README.md,DigiKey France,311-4.7KLRCT-ND,https://www.digikey.fr/en/products/detail/yageo/RC0402FR-074K7L/2827563
BUZZER.kicad_sch,R39,1K,YAGEO,RC0402FR-071KL,0402 (1005 Metric),Resistor_SMD:R_0402_1005Metric,${KIPRJMOD}/composants/pdf/Yageo_RC.pdf,311-1.00KLRCT-ND,https://www.digikey.fr/fr/products/detail/yageo/RC0402FR-071KL/726513,"1K ±1%, 0402 (1005), thick film",0.09,1,2026-09-27,Stock 5940542,Voir composants/catalogue.json et verification/REPORT.md,Voir composants/README.md,DigiKey France,311-1.00KLRCT-ND,https://www.digikey.fr/fr/products/detail/yageo/RC0402FR-071KL/726513
BUZZER.kicad_sch,R40,10K,YAGEO,RC0402FR-0710KL,0402 (1005 Metric),Resistor_SMD:R_0402_1005Metric,${KIPRJMOD}/composants/pdf/Yageo_RC.pdf,311-10.0KLRCT-ND,https://www.digikey.fr/fr/products/detail/yageo/RC0402FR-0710KL/726523,"10K ±1%, 0402 (1005), thick film",0.09,1,2026-09-27,Stock 9912210,Voir composants/catalogue.json et verification/REPORT.md,Voir composants/README.md,DigiKey France,311-10.0KLRCT-ND,https://www.digikey.fr/fr/products/detail/yageo/RC0402FR-0710KL/726523
MICRO_SD.kicad_sch,R41,10K,YAGEO,RC0402FR-0710KL,0402 (1005 Metric),Resistor_SMD:R_0402_1005Metric,${KIPRJMOD}/composants/pdf/Yageo_RC.pdf,311-10.0KLRCT-ND,https://www.digikey.fr/fr/products/detail/yageo/RC0402FR-0710KL/726523,"10K ±1%, 0402 (1005), thick film",0.09,1,2026-09-27,Stock 9912210,Voir composants/catalogue.json et verification/REPORT.md,Voir composants/README.md,DigiKey France,311-10.0KLRCT-ND,https://www.digikey.fr/fr/products/detail/yageo/RC0402FR-0710KL/726523
MICRO_SD.kicad_sch,R42,10K,YAGEO,RC0402FR-0710KL,0402 (1005 Metric),Resistor_SMD:R_0402_1005Metric,${KIPRJMOD}/composants/pdf/Yageo_RC.pdf,311-10.0KLRCT-ND,https://www.digikey.fr/fr/products/detail/yageo/RC0402FR-0710KL/726523,"10K ±1%, 0402 (1005), thick film",0.09,1,2026-09-27,Stock 9912210,Voir composants/catalogue.json et verification/REPORT.md,Voir composants/README.md,DigiKey France,311-10.0KLRCT-ND,https://www.digikey.fr/fr/products/detail/yageo/RC0402FR-0710KL/726523
MICRO_SD.kicad_sch,R43,10K,YAGEO,RC0402FR-0710KL,0402 (1005 Metric),Resistor_SMD:R_0402_1005Metric,${KIPRJMOD}/composants/pdf/Yageo_RC.pdf,311-10.0KLRCT-ND,https://www.digikey.fr/fr/products/detail/yageo/RC0402FR-0710KL/726523,"10K ±1%, 0402 (1005), thick film",0.09,1,2026-09-27,Stock 9912210,Voir composants/catalogue.json et verification/REPORT.md,Voir composants/README.md,DigiKey France,311-10.0KLRCT-ND,https://www.digikey.fr/fr/products/detail/yageo/RC0402FR-0710KL/726523
MICRO_SD.kicad_sch,R44,10K,YAGEO,RC0402FR-0710KL,0402 (1005 Metric),Resistor_SMD:R_0402_1005Metric,${KIPRJMOD}/composants/pdf/Yageo_RC.pdf,311-10.0KLRCT-ND,https://www.digikey.fr/fr/products/detail/yageo/RC0402FR-0710KL/726523,"10K ±1%, 0402 (1005), thick film",0.09,1,2026-09-27,Stock 9912210,Voir composants/catalogue.json et verification/REPORT.md,Voir composants/README.md,DigiKey France,311-10.0KLRCT-ND,https://www.digikey.fr/fr/products/detail/yageo/RC0402FR-0710KL/726523
MICRO_SD.kicad_sch,R45,10K,YAGEO,RC0402FR-0710KL,0402 (1005 Metric),Resistor_SMD:R_0402_1005Metric,${KIPRJMOD}/composants/pdf/Yageo_RC.pdf,311-10.0KLRCT-ND,https://www.digikey.fr/fr/products/detail/yageo/RC0402FR-0710KL/726523,"10K ±1%, 0402 (1005), thick film",0.09,1,2026-09-27,Stock 9912210,Voir composants/catalogue.json et verification/REPORT.md,Voir composants/README.md,DigiKey France,311-10.0KLRCT-ND,https://www.digikey.fr/fr/products/detail/yageo/RC0402FR-0710KL/726523
MICRO_SD.kicad_sch,R46,10K,YAGEO,RC0402FR-0710KL,0402 (1005 Metric),Resistor_SMD:R_0402_1005Metric,${KIPRJMOD}/composants/pdf/Yageo_RC.pdf,311-10.0KLRCT-ND,https://www.digikey.fr/fr/products/detail/yageo/RC0402FR-0710KL/726523,"10K ±1%, 0402 (1005), thick film",0.09,1,2026-09-27,Stock 9912210,Voir composants/catalogue.json et verification/REPORT.md,Voir composants/README.md,DigiKey France,311-10.0KLRCT-ND,https://www.digikey.fr/fr/products/detail/yageo/RC0402FR-0710KL/726523
MOTORS[1-4].kicad_sch,R47,200,YAGEO,RC0402FR-07200RL,0402 (1005 Metric),Resistor_SMD:R_0402_1005Metric,${KIPRJMOD}/composants/pdf/Yageo_RC.pdf,311-200LRCT-ND,https://www.digikey.fr/en/products/detail/yageo/RC0402FR-07200RL/2827569,"200 ±1%, 0402 (1005), thick film",0.09,1,2026-09-27,Stock 0,Voir composants/catalogue.json et verification/REPORT.md,Voir composants/README.md,DigiKey France,311-200LRCT-ND,https://www.digikey.fr/en/products/detail/yageo/RC0402FR-07200RL/2827569
MOTORS[1-4].kicad_sch,R48,200,YAGEO,RC0402FR-07200RL,0402 (1005 Metric),Resistor_SMD:R_0402_1005Metric,${KIPRJMOD}/composants/pdf/Yageo_RC.pdf,311-200LRCT-ND,https://www.digikey.fr/en/products/detail/yageo/RC0402FR-07200RL/2827569,"200 ±1%, 0402 (1005), thick film",0.09,1,2026-09-27,Stock 0,Voir composants/catalogue.json et verification/REPORT.md,Voir composants/README.md,DigiKey France,311-200LRCT-ND,https://www.digikey.fr/en/products/detail/yageo/RC0402FR-07200RL/2827569
MOTORS[1-4].kicad_sch,R49,200,YAGEO,RC0402FR-07200RL,0402 (1005 Metric),Resistor_SMD:R_0402_1005Metric,${KIPRJMOD}/composants/pdf/Yageo_RC.pdf,311-200LRCT-ND,https://www.digikey.fr/en/products/detail/yageo/RC0402FR-07200RL/2827569,"200 ±1%, 0402 (1005), thick film",0.09,1,2026-09-27,Stock 0,Voir composants/catalogue.json et verification/REPORT.md,Voir composants/README.md,DigiKey France,311-200LRCT-ND,https://www.digikey.fr/en/products/detail/yageo/RC0402FR-07200RL/2827569
MOTORS[1-4].kicad_sch,R50,200,YAGEO,RC0402FR-07200RL,0402 (1005 Metric),Resistor_SMD:R_0402_1005Metric,${KIPRJMOD}/composants/pdf/Yageo_RC.pdf,311-200LRCT-ND,https://www.digikey.fr/en/products/detail/yageo/RC0402FR-07200RL/2827569,"200 ±1%, 0402 (1005), thick film",0.09,1,2026-09-27,Stock 0,Voir composants/catalogue.json et verification/REPORT.md,Voir composants/README.md,DigiKey France,311-200LRCT-ND,https://www.digikey.fr/en/products/detail/yageo/RC0402FR-07200RL/2827569
MCU.kicad_sch,TP1,SWDIO,,,PCB test pad,TestPoint:TestPoint_Pad_1.0x1.0mm,,,,,0,N/A,2026-09-25,PCB feature / no purchased component,See verification/COMPONENTS.csv and verification/REPORT.md,See verification/COMPONENTS.csv and verification/REPORT.md,,,
MCU.kicad_sch,TP2,SWCLK,,,PCB test pad,TestPoint:TestPoint_Pad_1.0x1.0mm,,,,,0,N/A,2026-09-25,PCB feature / no purchased component,See verification/COMPONENTS.csv and verification/REPORT.md,See verification/COMPONENTS.csv and verification/REPORT.md,,,
MCU.kicad_sch,TP3,+3V3_MCU,,,PCB test pad,TestPoint:TestPoint_Pad_1.0x1.0mm,,,,,0,N/A,2026-09-25,PCB feature / no purchased component,See verification/COMPONENTS.csv and verification/REPORT.md,See verification/COMPONENTS.csv and verification/REPORT.md,,,
MCU.kicad_sch,TP4,GND,,,PCB test pad,TestPoint:TestPoint_Pad_1.0x1.0mm,,,,,0,N/A,2026-09-25,PCB feature / no purchased component,See verification/COMPONENTS.csv and verification/REPORT.md,See verification/COMPONENTS.csv and verification/REPORT.md,,,
H743_Ardupilot.kicad_sch,U1,USBLC6-2P6,STMicroelectronics,USBLC6-2P6,"SOT-666, 1.6 x 1.6 x 0.55 mm",USBLC6_2P6:SOT50P160X60-6N,${KIPRJMOD}/composants/pdf/U1_datasheet.pdf,497-5026-1-ND,https://www.digikey.fr/fr/products/detail/stmicroelectronics/USBLC6-2P6/1007440?s=N4Ig7CBcoIYE5QIwA5EGYA0IYBcmZAAcBLJAFgFYKBOABjLIF9Gg,,0.56,1,2026-09-27,Stock 43170,Voir composants/catalogue.json et verification/REPORT.md,Voir composants/README.md,DigiKey France,497-5026-1-ND,https://www.digikey.fr/fr/products/detail/stmicroelectronics/USBLC6-2P6/1007440?s=N4Ig7CBcoIYE5QIwA5EGYA0IYBcmZAAcBLJAFgFYKBOABjLIF9Gg
MCU.kicad_sch,U2,STM32H743VIT6,STMicroelectronics,STM32H743VIT6,LQFP-100 14x14 mm P0.5,Package_QFP:LQFP-100_14x14mm_P0.5mm,${KIPRJMOD}/composants/pdf/U2_datasheet.pdf,497-17720-ND,https://www.digikey.fr/fr/products/detail/stmicroelectronics/STM32H743VIT6/7809237?s=N4Ig7CBcoIYE5QIwA5EGYA0IYBcmZAAcBLKANgAYAmRATmSoF9Gg,"Cortex-M7 480 MHz, 2 MB Flash, 1 MB RAM, LQFP-100 14x14 P0.5",14.27,1,2026-09-27,Stock 0,Voir composants/catalogue.json et verification/REPORT.md,Voir composants/README.md,DigiKey France,497-17720-ND,https://www.digikey.fr/fr/products/detail/stmicroelectronics/STM32H743VIT6/7809237?s=N4Ig7CBcoIYE5QIwA5EGYA0IYBcmZAAcBLKANgAYAmRATmSoF9Gg
POWER.kicad_sch,U3,LMR43620R5RPER,Texas Instruments,LMR43620R5RPER,9-VQFN-HR 2x2 mm,H743_Custom:TI_RPE0009B_VQFN-HR-9_2x2mm,${KIPRJMOD}/composants/pdf/U3_datasheet.pdf,296-LMR43620R5RPERCT-ND,https://www.digikey.fr/fr/products/detail/texas-instruments/LMR43620R5RPER/20414090,"3–36 V synchronous buck, 2 A, 9-VQFN-HR 2x2 mm",1.94,1,2026-09-27,Stock 5342,Voir composants/catalogue.json et verification/REPORT.md,Voir composants/README.md,DigiKey France,296-LMR43620R5RPERCT-ND,https://www.digikey.fr/fr/products/detail/texas-instruments/LMR43620R5RPER/20414090
POWER.kicad_sch,U4,LMR604303SRAKRQ1,Texas Instruments,LMR604303SRAKRQ1,9-WQFN-HR 2.5x2.0 mm,H743_Custom:TI_RAK0009A_WQFN-HR-9_2.5x2.0mm,${KIPRJMOD}/composants/pdf/U4_datasheet.pdf,296-LMR604303SRAKRQ1CT-ND,https://www.digikey.fr/en/products/detail/texas-instruments/LMR604303SRAKRQ1/26812419?s=N4Ig7CBcoIYE5QIwA5EGYA0IYBcmZAAcBLKAJgFYU0BOABjQF9Gg,"3–36 V automotive synchronous buck, 3 A, 9-WQFN-HR 2.5x2 mm",2.2,1,2026-09-27,Stock 2359,Voir composants/catalogue.json et verification/REPORT.md,Voir composants/README.md,DigiKey France,296-LMR604303SRAKRQ1CT-ND,https://www.digikey.fr/en/products/detail/texas-instruments/LMR604303SRAKRQ1/26812419?s=N4Ig7CBcoIYE5QIwA5EGYA0IYBcmZAAcBLKAJgFYU0BOABjQF9Gg
POWER.kicad_sch,U5,AP7361C-33FGE-7,Diodes Incorporated,AP7361C-33FGE-7,U-DFN3030-8 Type E; exposed pad 1.6 x 2.35 mm,H743_Custom:Diodes_U-DFN3030-8_TypeE,${KIPRJMOD}/composants/pdf/AP7361C.pdf,AP7361C-33FGE-7DICT-ND,https://www.digikey.fr/en/products/detail/diodes-incorporated/AP7361C-33FGE-7/5638320,"3.3 V fixed LDO, 1 A, Vin max 6 V, U-DFN3030-8 Type E",0.49,1,2026-09-27,Stock 3118,Voir composants/catalogue.json et verification/REPORT.md,Voir composants/README.md,DigiKey France,AP7361C-33FGE-7DICT-ND,https://www.digikey.fr/en/products/detail/diodes-incorporated/AP7361C-33FGE-7/5638320
POWER.kicad_sch,U6,AP7361C-33FGE-7,Diodes Incorporated,AP7361C-33FGE-7,U-DFN3030-8 Type E; exposed pad 1.6 x 2.35 mm,H743_Custom:Diodes_U-DFN3030-8_TypeE,${KIPRJMOD}/composants/pdf/AP7361C.pdf,AP7361C-33FGE-7DICT-ND,https://www.digikey.fr/en/products/detail/diodes-incorporated/AP7361C-33FGE-7/5638320,"3.3 V fixed LDO, 1 A, Vin max 6 V, U-DFN3030-8 Type E",0.49,1,2026-09-27,Stock 3118,Voir composants/catalogue.json et verification/REPORT.md,Voir composants/README.md,DigiKey France,AP7361C-33FGE-7DICT-ND,https://www.digikey.fr/en/products/detail/diodes-incorporated/AP7361C-33FGE-7/5638320
CAN.kicad_sch,U7,TJA1057GTK/3Z,NXP USA Inc.,TJA1057GTK/3Z,8-HVSON 3x3 EP,Package_SON:HVSON-8-1EP_3x3mm_P0.65mm_EP1.6x2.4mm,${KIPRJMOD}/composants/pdf/U7_datasheet.pdf,,,NXP TJA1057 Rev 8.1; HVSON8 /3 VIO broche 5,,,,Offre France non confirmee,Voir composants/catalogue.json et verification/REPORT.md,Voir composants/README.md,Non confirme,,
CAN.kicad_sch,U8,SM04B-GHS-TB(LF)(SN),JST,SM04B-GHS-TB(LF)(SN),"JST GH 4 contacts, P1.25 mm, side entry; mounting tabs pads 5/6",H743_Custom:JST_GH_SM04B-GHS-TB_1x04_P1.25mm_Horizontal_GNDtabs,${KIPRJMOD}/composants/pdf/U8_datasheet.pdf,455-1566-1-ND,https://www.digikey.fr/fr/products/detail/jst-sales-america-inc/SM04B-GHS-TB/807788,"SH 1.0 mm, 4P right-angle SMD, 1 A, 50 V",0.33,1,2026-09-27,Stock 2490,Voir composants/catalogue.json et verification/REPORT.md,Voir composants/README.md,DigiKey France,455-1566-1-ND,https://www.digikey.fr/fr/products/detail/jst-sales-america-inc/SM04B-GHS-TB/807788
SENSORS.kicad_sch,U9,BMI088,Bosch Sensortec,BMI088,LGA-16 4.5x3.0 mm P0.5,Package_LGA:Bosch_LGA-16_4.5x3mm_P0.5mm_LayoutBorder7x1y_ClockwisePinNumbering,${KIPRJMOD}/composants/pdf/U9_datasheet.pdf,828-1082-1-ND,https://www.digikey.fr/fr/products/detail/bosch-sensortec/BMI088/8634936,"6-axis accel + gyro, I2C/SPI, LGA-16 4.5x3.0 mm",5.07,1,2026-09-27,Stock 0,Voir composants/catalogue.json et verification/REPORT.md,Voir composants/README.md,DigiKey France,828-1082-1-ND,https://www.digikey.fr/fr/products/detail/bosch-sensortec/BMI088/8634936
SENSORS.kicad_sch,U10,LSM6DSV16X,STMicroelectronics,LSM6DSV16XTR,LGA-14 2.5x3.0 mm P0.5,Package_LGA:LGA-14_3x2.5mm_P0.5mm_LayoutBorder3x4y,${KIPRJMOD}/composants/pdf/U10_datasheet.pdf,497-LSM6DSV16XTRCT-ND,https://www.digikey.fr/fr/products/detail/stmicroelectronics/LSM6DSV16XTR/16841485,"6-axis accel + gyro, I2C/SPI/I3C, LGA-14 2.5x3.0 mm",4.92,1,2026-09-27,Stock 0,Voir composants/catalogue.json et verification/REPORT.md,Voir composants/README.md,DigiKey France,497-LSM6DSV16XTRCT-ND,https://www.digikey.fr/fr/products/detail/stmicroelectronics/LSM6DSV16XTR/16841485
SENSORS.kicad_sch,U11,ICM-45686,TDK InvenSense,ICM-45686,"14-VFLGA / 14-LGA, 2.5x3.0x0.81 mm",H743_Custom:TDK_ICM45686_LGA14_3x2.5mm,${KIPRJMOD}/composants/pdf/U11_datasheet.pdf,1428-ICM-45686CT-ND,https://www.digikey.fr/fr/products/detail/tdk-invensense/ICM-45686/24374985,,4.5,1,2026-09-27,Stock 0,Voir composants/catalogue.json et verification/REPORT.md,Voir composants/README.md,DigiKey France,1428-ICM-45686CT-ND,https://www.digikey.fr/fr/products/detail/tdk-invensense/ICM-45686/24374985
SENSORS.kicad_sch,U12,BMP581,Bosch Sensortec,BMP581,10-LGA 2.0x2.0 mm,H743_Custom:QFN10_BMP581_BOS,${KIPRJMOD}/composants/pdf/U12_datasheet.pdf,828-BMP581CT-ND,https://www.digikey.fr/fr/products/detail/bosch-sensortec/BMP581/16036134,"Pressure 30–125 kPa, I2C/SPI, 1.65–3.6 V, 10-LGA 2x2 mm",2.63,1,2026-09-27,Stock 462,Voir composants/catalogue.json et verification/REPORT.md,Voir composants/README.md,DigiKey France,828-BMP581CT-ND,https://www.digikey.fr/fr/products/detail/bosch-sensortec/BMP581/16036134
SENSORS.kicad_sch,U13,DPS368XTSA1,Infineon Technologies,DPS368XTSA1,PG-VLGA-8 2.5x2.0 mm,H743_Custom:Infineon_DPS368_PG-VLGA-8-2,${KIPRJMOD}/composants/pdf/U13_datasheet.pdf,DPS368XTSA1CT-ND,https://www.digikey.fr/fr/products/detail/infineon-technologies/DPS368XTSA1/10244079,"Digital pressure sensor, I2C/SPI, 1.7–3.6 V, PG-VLGA-8",2.31,1,2026-09-27,Stock 0,Voir composants/catalogue.json et verification/REPORT.md,Voir composants/README.md,DigiKey France,DPS368XTSA1CT-ND,https://www.digikey.fr/fr/products/detail/infineon-technologies/DPS368XTSA1/10244079
MOTORS[1-4].kicad_sch,U14,SM08B-SRSS-TB(LF)(SN),JST,SM08B-SRSS-TB(LF)(SN),"JST SH 8 contacts, P1.00 mm, side entry; mounting tabs pads 9/10",H743_Custom:JST_SH_SM08B-SRSS-TB_1x08_P1.00mm_Horizontal_GNDtabs,${KIPRJMOD}/composants/pdf/U14_datasheet.pdf,455-1808-1-ND,https://www.digikey.fr/fr/products/detail/jst-sales-america-inc/SM08B-SRSS-TB/926714,"SH 1.0 mm, 8-pin right-angle SMD, 1 A, 50 V",0.73,1,2026-09-27,Stock 52530,Voir composants/catalogue.json et verification/REPORT.md,Voir composants/README.md,DigiKey France,455-1808-1-ND,https://www.digikey.fr/fr/products/detail/jst-sales-america-inc/SM08B-SRSS-TB/926714
H743_Ardupilot.kicad_sch,USB1,DX07S016JA1R1500,JAE Electronics,DX07S016JA1R1500,"USB Type-C receptacle, 16 contacts, right-angle SMT",H743_Custom:JAE_DX07S016JA1R1500_16P,${KIPRJMOD}/composants/pdf/USB1_datasheet.pdf,670-DX07S016JA1R1500CT-ND,https://www.digikey.fr/fr/products/detail/jae-electronics/DX07S016JA1R1500/11586676,,1.46,1,2026-09-27,Stock 21765,Voir composants/catalogue.json et verification/REPORT.md,Voir composants/README.md,DigiKey France,670-DX07S016JA1R1500CT-ND,https://www.digikey.fr/fr/products/detail/jae-electronics/DX07S016JA1R1500/11586676
MCU.kicad_sch,Y1,8MHz,Murata Electronics,CSTNE8M00GH5C000R0,3-SMD 3.2x1.3 mm,H743_Custom:Murata_CSTNE_3.2x1.3_P1.2mm,${KIPRJMOD}/composants/pdf/CSTNE8M.pdf,490-17961-1-ND,https://www.digikey.fr/fr/products/detail/murata-electronics/CSTNE8M00GH5C000R0/8747742,"8 MHz CERALOCK, built-in 33 pF, 3-SMD 3.2x1.3 mm",0.26,1,2026-09-27,Stock 171914,Voir composants/catalogue.json et verification/REPORT.md,Voir composants/README.md,DigiKey France,490-17961-1-ND,https://www.digikey.fr/fr/products/detail/murata-electronics/CSTNE8M00GH5C000R0/8747742
MICRO_SD.kicad_sch,R51,22R,YAGEO,RC0402FR-0722RL,0402 (1005 Metric),Resistor_SMD:R_0402_1005Metric,${KIPRJMOD}/composants/pdf/R51_datasheet.pdf,,,Yageo RC0402 22 ohms,,,,Offre France non confirmee,Voir composants/catalogue.json,Voir composants/README.md,Non confirme,,
