Reference,Sheet,Value,Manufacturer,MPN,Package,Symbol,Footprint,Symbol_pin_numbers,Footprint_pad_numbers,Status,Evidence,Review
C1,MCU.kicad_sch,4.7u,Samsung Electro-Mechanics,CL05A475MP5NRNC,0402 (1005),FC01_Project:MCU__C_Small,Capacitor_SMD:C_0402_1005Metric,1 2,1 2,PACKAGE_REVIEWED_STANDARD_LAND,https://product.samsungsem.com/mlcc/CL05A475MP5NRN.do,"Fiche famille Samsung: code CL05=0402, CL10=0603, CL21=0805; deux bornes non polarisées. Pads KiCad conservés; plan de sérigraphie/stencil à valider avec assembleur."
C2,MCU.kicad_sch,100n,Samsung Electro-Mechanics,CL05B104KO5NNNC,0402 (1005),FC01_Project:MCU__C_Small,Capacitor_SMD:C_0402_1005Metric,1 2,1 2,PACKAGE_REVIEWED_STANDARD_LAND,https://product.samsungsem.com/mlcc/CL05B104KO5NNN.do,"Fiche famille Samsung: code CL05=0402, CL10=0603, CL21=0805; deux bornes non polarisées. Pads KiCad conservés; plan de sérigraphie/stencil à valider avec assembleur."
C3,MCU.kicad_sch,100n,Samsung Electro-Mechanics,CL05B104KO5NNNC,0402 (1005),FC01_Project:MCU__C_Small,Capacitor_SMD:C_0402_1005Metric,1 2,1 2,PACKAGE_REVIEWED_STANDARD_LAND,https://product.samsungsem.com/mlcc/CL05B104KO5NNN.do,"Fiche famille Samsung: code CL05=0402, CL10=0603, CL21=0805; deux bornes non polarisées. Pads KiCad conservés; plan de sérigraphie/stencil à valider avec assembleur."
C4,MCU.kicad_sch,100n,Samsung Electro-Mechanics,CL05B104KO5NNNC,0402 (1005),FC01_Project:MCU__C_Small,Capacitor_SMD:C_0402_1005Metric,1 2,1 2,PACKAGE_REVIEWED_STANDARD_LAND,https://product.samsungsem.com/mlcc/CL05B104KO5NNN.do,"Fiche famille Samsung: code CL05=0402, CL10=0603, CL21=0805; deux bornes non polarisées. Pads KiCad conservés; plan de sérigraphie/stencil à valider avec assembleur."
C5,MCU.kicad_sch,100n,Samsung Electro-Mechanics,CL05B104KO5NNNC,0402 (1005),FC01_Project:MCU__C_Small,Capacitor_SMD:C_0402_1005Metric,1 2,1 2,PACKAGE_REVIEWED_STANDARD_LAND,https://product.samsungsem.com/mlcc/CL05B104KO5NNN.do,"Fiche famille Samsung: code CL05=0402, CL10=0603, CL21=0805; deux bornes non polarisées. Pads KiCad conservés; plan de sérigraphie/stencil à valider avec assembleur."
C6,MCU.kicad_sch,100n,Samsung Electro-Mechanics,CL05B104KO5NNNC,0402 (1005),FC01_Project:MCU__C_Small,Capacitor_SMD:C_0402_1005Metric,1 2,1 2,PACKAGE_REVIEWED_STANDARD_LAND,https://product.samsungsem.com/mlcc/CL05B104KO5NNN.do,"Fiche famille Samsung: code CL05=0402, CL10=0603, CL21=0805; deux bornes non polarisées. Pads KiCad conservés; plan de sérigraphie/stencil à valider avec assembleur."
C7,MCU.kicad_sch,2.2u,TDK,C1005X5R1C225M050BC,0402 (1005),FC01_Project:MCU__C_Small,Capacitor_SMD:C_0402_1005Metric,1 2,1 2,PACKAGE_REVIEWED_STANDARD_LAND,https://product.tdk.com/en/search/capacitor/ceramic/mlcc/info?part_no=C1005X5R1C225M050BC,"TDK C1005: corps 1.0 x 0.5 mm, 2.2 uF 16 V X5R. Deux bornes non polarisées; pads KiCad 0402 conservés."
C8,MCU.kicad_sch,100n,Samsung Electro-Mechanics,CL05B104KO5NNNC,0402 (1005),FC01_Project:MCU__C_Small,Capacitor_SMD:C_0402_1005Metric,1 2,1 2,PACKAGE_REVIEWED_STANDARD_LAND,https://product.samsungsem.com/mlcc/CL05B104KO5NNN.do,"Fiche famille Samsung: code CL05=0402, CL10=0603, CL21=0805; deux bornes non polarisées. Pads KiCad conservés; plan de sérigraphie/stencil à valider avec assembleur."
C9,MCU.kicad_sch,100n,Samsung Electro-Mechanics,CL05B104KO5NNNC,0402 (1005),FC01_Project:MCU__C_Small,Capacitor_SMD:C_0402_1005Metric,1 2,1 2,PACKAGE_REVIEWED_STANDARD_LAND,https://product.samsungsem.com/mlcc/CL05B104KO5NNN.do,"Fiche famille Samsung: code CL05=0402, CL10=0603, CL21=0805; deux bornes non polarisées. Pads KiCad conservés; plan de sérigraphie/stencil à valider avec assembleur."
C10,MCU.kicad_sch,2.2u,TDK,C1005X5R1C225M050BC,0402 (1005),FC01_Project:MCU__C_Small,Capacitor_SMD:C_0402_1005Metric,1 2,1 2,PACKAGE_REVIEWED_STANDARD_LAND,https://product.tdk.com/en/search/capacitor/ceramic/mlcc/info?part_no=C1005X5R1C225M050BC,"TDK C1005: corps 1.0 x 0.5 mm, 2.2 uF 16 V X5R. Deux bornes non polarisées; pads KiCad 0402 conservés."
C11,MCU.kicad_sch,100n,Samsung Electro-Mechanics,CL05B104KO5NNNC,0402 (1005),FC01_Project:MCU__C_Small,Capacitor_SMD:C_0402_1005Metric,1 2,1 2,PACKAGE_REVIEWED_STANDARD_LAND,https://product.samsungsem.com/mlcc/CL05B104KO5NNN.do,"Fiche famille Samsung: code CL05=0402, CL10=0603, CL21=0805; deux bornes non polarisées. Pads KiCad conservés; plan de sérigraphie/stencil à valider avec assembleur."
C12,MCU.kicad_sch,100n,Samsung Electro-Mechanics,CL05B104KO5NNNC,0402 (1005),FC01_Project:MCU__C_Small,Capacitor_SMD:C_0402_1005Metric,1 2,1 2,PACKAGE_REVIEWED_STANDARD_LAND,https://product.samsungsem.com/mlcc/CL05B104KO5NNN.do,"Fiche famille Samsung: code CL05=0402, CL10=0603, CL21=0805; deux bornes non polarisées. Pads KiCad conservés; plan de sérigraphie/stencil à valider avec assembleur."
C14,MCU.kicad_sch,1u,Samsung Electro-Mechanics,CL05A105KA5NQNC,0402 (1005),FC01_Project:MCU__C_Small,Capacitor_SMD:C_0402_1005Metric,1 2,1 2,PACKAGE_REVIEWED_STANDARD_LAND,https://product.samsungsem.com/mlcc/CL05A105KA5NQN.do,"Fiche famille Samsung: code CL05=0402, CL10=0603, CL21=0805; deux bornes non polarisées. Pads KiCad conservés; plan de sérigraphie/stencil à valider avec assembleur."
C15,MCU.kicad_sch,100n,Samsung Electro-Mechanics,CL05B104KO5NNNC,0402 (1005),FC01_Project:MCU__C_Small,Capacitor_SMD:C_0402_1005Metric,1 2,1 2,PACKAGE_REVIEWED_STANDARD_LAND,https://product.samsungsem.com/mlcc/CL05B104KO5NNN.do,"Fiche famille Samsung: code CL05=0402, CL10=0603, CL21=0805; deux bornes non polarisées. Pads KiCad conservés; plan de sérigraphie/stencil à valider avec assembleur."
C16,POWER.kicad_sch,10u,Murata Electronics,GRM21BR61H106KE43L,0805 (2012),FC01_Project:POWER__C_Small,Capacitor_SMD:C_0805_2012Metric,1 2,1 2,PACKAGE_REVIEWED_STANDARD_LAND,https://search.murata.co.jp/Ceramy/image/img/A01X/G101/ENG/GRM21BR61H106KE43-01A.pdf,"Murata GRM21B: 0805/2012, 10 uF 50 V X5R. Deux bornes non polarisées; empreinte KiCad conservée, pas de qualification assemblage."
C17,POWER.kicad_sch,100n,Murata Electronics,GCM155R71H104KE02D,0402 (1005 Metric),FC01_Project:POWER__C_Small,Capacitor_SMD:C_0402_1005Metric,1 2,1 2,PACKAGE_REVIEWED_STANDARD_LAND,https://search.murata.co.jp/Ceramy/image/img/A01X/G101/ENG/GCM155R71H104KE02-01.pdf,"Murata p.1: corps 1.0±0.05 x 0.5±0.05 mm, terminaisons 0.15–0.35 mm; 100 nF 50 V X7R. Deux bornes non polarisées."
C18,POWER.kicad_sch,10u,Murata Electronics,GRM21BR61H106KE43L,0805 (2012),FC01_Project:POWER__C_Small,Capacitor_SMD:C_0805_2012Metric,1 2,1 2,PACKAGE_REVIEWED_STANDARD_LAND,https://search.murata.co.jp/Ceramy/image/img/A01X/G101/ENG/GRM21BR61H106KE43-01A.pdf,"Murata GRM21B: 0805/2012, 10 uF 50 V X5R. Deux bornes non polarisées; empreinte KiCad conservée, pas de qualification assemblage."
C19,POWER.kicad_sch,100n,Murata Electronics,GCM155R71H104KE02D,0402 (1005 Metric),FC01_Project:POWER__C_Small,Capacitor_SMD:C_0402_1005Metric,1 2,1 2,PACKAGE_REVIEWED_STANDARD_LAND,https://search.murata.co.jp/Ceramy/image/img/A01X/G101/ENG/GCM155R71H104KE02-01.pdf,"Murata p.1: corps 1.0±0.05 x 0.5±0.05 mm, terminaisons 0.15–0.35 mm; 100 nF 50 V X7R. Deux bornes non polarisées."
C20,POWER.kicad_sch,1u,Samsung Electro-Mechanics,CL10A105KB8NNNC,0603 (1608),FC01_Project:POWER__C_Small,Capacitor_SMD:C_0603_1608Metric,1 2,1 2,PACKAGE_REVIEWED_STANDARD_LAND,https://product.samsungsem.com/mlcc/CL10A105KB8NNN.do,"Fiche famille Samsung: code CL05=0402, CL10=0603, CL21=0805; deux bornes non polarisées. Pads KiCad conservés; plan de sérigraphie/stencil à valider avec assembleur."
C21,POWER.kicad_sch,100n,Murata Electronics,GCM155R71H104KE02D,0402 (1005 Metric),FC01_Project:POWER__C_Small,Capacitor_SMD:C_0402_1005Metric,1 2,1 2,PACKAGE_REVIEWED_STANDARD_LAND,https://search.murata.co.jp/Ceramy/image/img/A01X/G101/ENG/GCM155R71H104KE02-01.pdf,"Murata p.1: corps 1.0±0.05 x 0.5±0.05 mm, terminaisons 0.15–0.35 mm; 100 nF 50 V X7R. Deux bornes non polarisées."
C22,POWER.kicad_sch,100n,Murata Electronics,GCM155R71H104KE02D,0402 (1005 Metric),FC01_Project:POWER__C_Small,Capacitor_SMD:C_0402_1005Metric,1 2,1 2,PACKAGE_REVIEWED_STANDARD_LAND,https://search.murata.co.jp/Ceramy/image/img/A01X/G101/ENG/GCM155R71H104KE02-01.pdf,"Murata p.1: corps 1.0±0.05 x 0.5±0.05 mm, terminaisons 0.15–0.35 mm; 100 nF 50 V X7R. Deux bornes non polarisées."
C23,POWER.kicad_sch,22u,Samsung Electro-Mechanics,CL21A226MAYNNNE,"0805 (2012), max H 1.45 mm",FC01_Project:POWER__C_Small,Capacitor_SMD:C_0805_2012Metric,1 2,1 2,PACKAGE_REVIEWED_STANDARD_LAND,https://product.samsungsem.com/mlcc/CL21A226MAYNNN.do,"Fiche famille Samsung: code CL05=0402, CL10=0603, CL21=0805; deux bornes non polarisées. Pads KiCad conservés; plan de sérigraphie/stencil à valider avec assembleur."
C24,POWER.kicad_sch,22u,Samsung Electro-Mechanics,CL21A226MAYNNNE,"0805 (2012), max H 1.45 mm",FC01_Project:POWER__C_Small,Capacitor_SMD:C_0805_2012Metric,1 2,1 2,PACKAGE_REVIEWED_STANDARD_LAND,https://product.samsungsem.com/mlcc/CL21A226MAYNNN.do,"Fiche famille Samsung: code CL05=0402, CL10=0603, CL21=0805; deux bornes non polarisées. Pads KiCad conservés; plan de sérigraphie/stencil à valider avec assembleur."
C25,POWER.kicad_sch,100n,Murata Electronics,GCM155R71H104KE02D,0402 (1005 Metric),FC01_Project:POWER__C_Small,Capacitor_SMD:C_0402_1005Metric,1 2,1 2,PACKAGE_REVIEWED_STANDARD_LAND,https://search.murata.co.jp/Ceramy/image/img/A01X/G101/ENG/GCM155R71H104KE02-01.pdf,"Murata p.1: corps 1.0±0.05 x 0.5±0.05 mm, terminaisons 0.15–0.35 mm; 100 nF 50 V X7R. Deux bornes non polarisées."
C26,POWER.kicad_sch,22u,Samsung Electro-Mechanics,CL21A226MAYNNNE,"0805 (2012), max H 1.45 mm",FC01_Project:POWER__C_Small,Capacitor_SMD:C_0805_2012Metric,1 2,1 2,PACKAGE_REVIEWED_STANDARD_LAND,https://product.samsungsem.com/mlcc/CL21A226MAYNNN.do,"Fiche famille Samsung: code CL05=0402, CL10=0603, CL21=0805; deux bornes non polarisées. Pads KiCad conservés; plan de sérigraphie/stencil à valider avec assembleur."
C27,POWER.kicad_sch,22u,Samsung Electro-Mechanics,CL21A226MAYNNNE,"0805 (2012), max H 1.45 mm",FC01_Project:POWER__C_Small,Capacitor_SMD:C_0805_2012Metric,1 2,1 2,PACKAGE_REVIEWED_STANDARD_LAND,https://product.samsungsem.com/mlcc/CL21A226MAYNNN.do,"Fiche famille Samsung: code CL05=0402, CL10=0603, CL21=0805; deux bornes non polarisées. Pads KiCad conservés; plan de sérigraphie/stencil à valider avec assembleur."
C28,POWER.kicad_sch,100n,Murata Electronics,GCM155R71H104KE02D,0402 (1005 Metric),FC01_Project:POWER__C_Small,Capacitor_SMD:C_0402_1005Metric,1 2,1 2,PACKAGE_REVIEWED_STANDARD_LAND,https://search.murata.co.jp/Ceramy/image/img/A01X/G101/ENG/GCM155R71H104KE02-01.pdf,"Murata p.1: corps 1.0±0.05 x 0.5±0.05 mm, terminaisons 0.15–0.35 mm; 100 nF 50 V X7R. Deux bornes non polarisées."
C29,POWER.kicad_sch,4.7u,Samsung Electro-Mechanics,CL10A475KO8NNNC,0603 (1608),FC01_Project:POWER__C_Small,Capacitor_SMD:C_0603_1608Metric,1 2,1 2,PACKAGE_REVIEWED_STANDARD_LAND,https://product.samsungsem.com/mlcc/CL10A475KO8NNN.do,"Fiche famille Samsung: code CL05=0402, CL10=0603, CL21=0805; deux bornes non polarisées. Pads KiCad conservés; plan de sérigraphie/stencil à valider avec assembleur."
C30,POWER.kicad_sch,4.7u,Samsung Electro-Mechanics,CL10A475KO8NNNC,0603 (1608),FC01_Project:POWER__C_Small,Capacitor_SMD:C_0603_1608Metric,1 2,1 2,PACKAGE_REVIEWED_STANDARD_LAND,https://product.samsungsem.com/mlcc/CL10A475KO8NNN.do,"Fiche famille Samsung: code CL05=0402, CL10=0603, CL21=0805; deux bornes non polarisées. Pads KiCad conservés; plan de sérigraphie/stencil à valider avec assembleur."
C31,POWER.kicad_sch,4.7u,Samsung Electro-Mechanics,CL10A475KO8NNNC,0603 (1608),FC01_Project:POWER__C_Small,Capacitor_SMD:C_0603_1608Metric,1 2,1 2,PACKAGE_REVIEWED_STANDARD_LAND,https://product.samsungsem.com/mlcc/CL10A475KO8NNN.do,"Fiche famille Samsung: code CL05=0402, CL10=0603, CL21=0805; deux bornes non polarisées. Pads KiCad conservés; plan de sérigraphie/stencil à valider avec assembleur."
C32,POWER.kicad_sch,4.7u,Samsung Electro-Mechanics,CL10A475KO8NNNC,0603 (1608),FC01_Project:POWER__C_Small,Capacitor_SMD:C_0603_1608Metric,1 2,1 2,PACKAGE_REVIEWED_STANDARD_LAND,https://product.samsungsem.com/mlcc/CL10A475KO8NNN.do,"Fiche famille Samsung: code CL05=0402, CL10=0603, CL21=0805; deux bornes non polarisées. Pads KiCad conservés; plan de sérigraphie/stencil à valider avec assembleur."
C33,ANALOG_SENS.kicad_sch,100n,Samsung Electro-Mechanics,CL05B104KO5NNNC,0402 (1005),FC01_Project:ANALOG_SENS__C_Small,Capacitor_SMD:C_0402_1005Metric,1 2,1 2,PACKAGE_REVIEWED_STANDARD_LAND,https://product.samsungsem.com/mlcc/CL05B104KO5NNN.do,"Fiche famille Samsung: code CL05=0402, CL10=0603, CL21=0805; deux bornes non polarisées. Pads KiCad conservés; plan de sérigraphie/stencil à valider avec assembleur."
C34,ANALOG_SENS.kicad_sch,100n,Samsung Electro-Mechanics,CL05B104KO5NNNC,0402 (1005),FC01_Project:ANALOG_SENS__C_Small,Capacitor_SMD:C_0402_1005Metric,1 2,1 2,PACKAGE_REVIEWED_STANDARD_LAND,https://product.samsungsem.com/mlcc/CL05B104KO5NNN.do,"Fiche famille Samsung: code CL05=0402, CL10=0603, CL21=0805; deux bornes non polarisées. Pads KiCad conservés; plan de sérigraphie/stencil à valider avec assembleur."
C35,ANALOG_SENS.kicad_sch,100n,Samsung Electro-Mechanics,CL05B104KO5NNNC,0402 (1005),FC01_Project:ANALOG_SENS__C_Small,Capacitor_SMD:C_0402_1005Metric,1 2,1 2,PACKAGE_REVIEWED_STANDARD_LAND,https://product.samsungsem.com/mlcc/CL05B104KO5NNN.do,"Fiche famille Samsung: code CL05=0402, CL10=0603, CL21=0805; deux bornes non polarisées. Pads KiCad conservés; plan de sérigraphie/stencil à valider avec assembleur."
C36,UART_I2C.kicad_sch,100n,Samsung Electro-Mechanics,CL05B104KO5NNNC,0402 (1005),FC01_Project:UART_I2C__C_Small,Capacitor_SMD:C_0402_1005Metric,1 2,1 2,PACKAGE_REVIEWED_STANDARD_LAND,https://product.samsungsem.com/mlcc/CL05B104KO5NNN.do,"Fiche famille Samsung: code CL05=0402, CL10=0603, CL21=0805; deux bornes non polarisées. Pads KiCad conservés; plan de sérigraphie/stencil à valider avec assembleur."
C37,UART_I2C.kicad_sch,10u,Murata Electronics,GRM21BR61H106KE43L,0805 (2012),FC01_Project:UART_I2C__C_Small,Capacitor_SMD:C_0805_2012Metric,1 2,1 2,PACKAGE_REVIEWED_STANDARD_LAND,https://search.murata.co.jp/Ceramy/image/img/A01X/G101/ENG/GRM21BR61H106KE43-01A.pdf,"Murata GRM21B: 0805/2012, 10 uF 50 V X5R. Deux bornes non polarisées; empreinte KiCad conservée, pas de qualification assemblage."
C38,UART_I2C.kicad_sch,100n,Samsung Electro-Mechanics,CL05B104KO5NNNC,0402 (1005),FC01_Project:UART_I2C__C_Small,Capacitor_SMD:C_0402_1005Metric,1 2,1 2,PACKAGE_REVIEWED_STANDARD_LAND,https://product.samsungsem.com/mlcc/CL05B104KO5NNN.do,"Fiche famille Samsung: code CL05=0402, CL10=0603, CL21=0805; deux bornes non polarisées. Pads KiCad conservés; plan de sérigraphie/stencil à valider avec assembleur."
C39,UART_I2C.kicad_sch,100n,Samsung Electro-Mechanics,CL05B104KO5NNNC,0402 (1005),FC01_Project:UART_I2C__C_Small,Capacitor_SMD:C_0402_1005Metric,1 2,1 2,PACKAGE_REVIEWED_STANDARD_LAND,https://product.samsungsem.com/mlcc/CL05B104KO5NNN.do,"Fiche famille Samsung: code CL05=0402, CL10=0603, CL21=0805; deux bornes non polarisées. Pads KiCad conservés; plan de sérigraphie/stencil à valider avec assembleur."
C40,UART_I2C.kicad_sch,100n,Samsung Electro-Mechanics,CL05B104KO5NNNC,0402 (1005),FC01_Project:UART_I2C__C_Small,Capacitor_SMD:C_0402_1005Metric,1 2,1 2,PACKAGE_REVIEWED_STANDARD_LAND,https://product.samsungsem.com/mlcc/CL05B104KO5NNN.do,"Fiche famille Samsung: code CL05=0402, CL10=0603, CL21=0805; deux bornes non polarisées. Pads KiCad conservés; plan de sérigraphie/stencil à valider avec assembleur."
C41,UART_I2C.kicad_sch,100n,Samsung Electro-Mechanics,CL05B104KO5NNNC,0402 (1005),FC01_Project:UART_I2C__C_Small,Capacitor_SMD:C_0402_1005Metric,1 2,1 2,PACKAGE_REVIEWED_STANDARD_LAND,https://product.samsungsem.com/mlcc/CL05B104KO5NNN.do,"Fiche famille Samsung: code CL05=0402, CL10=0603, CL21=0805; deux bornes non polarisées. Pads KiCad conservés; plan de sérigraphie/stencil à valider avec assembleur."
C42,CAN.kicad_sch,100n,Samsung Electro-Mechanics,CL05B104KO5NNNC,0402 (1005),FC01_Project:CAN__C_Small,Capacitor_SMD:C_0402_1005Metric,1 2,1 2,PACKAGE_REVIEWED_STANDARD_LAND,https://product.samsungsem.com/mlcc/CL05B104KO5NNN.do,"Fiche famille Samsung: code CL05=0402, CL10=0603, CL21=0805; deux bornes non polarisées. Pads KiCad conservés; plan de sérigraphie/stencil à valider avec assembleur."
C43,CAN.kicad_sch,100n,Samsung Electro-Mechanics,CL05B104KO5NNNC,0402 (1005),FC01_Project:CAN__C_Small,Capacitor_SMD:C_0402_1005Metric,1 2,1 2,PACKAGE_REVIEWED_STANDARD_LAND,https://product.samsungsem.com/mlcc/CL05B104KO5NNN.do,"Fiche famille Samsung: code CL05=0402, CL10=0603, CL21=0805; deux bornes non polarisées. Pads KiCad conservés; plan de sérigraphie/stencil à valider avec assembleur."
C44,SENSORS.kicad_sch,4.7u,Samsung Electro-Mechanics,CL05A475MP5NRNC,0402 (1005),FC01_Project:SENSORS__C_Small,Capacitor_SMD:C_0402_1005Metric,1 2,1 2,PACKAGE_REVIEWED_STANDARD_LAND,https://product.samsungsem.com/mlcc/CL05A475MP5NRN.do,"Fiche famille Samsung: code CL05=0402, CL10=0603, CL21=0805; deux bornes non polarisées. Pads KiCad conservés; plan de sérigraphie/stencil à valider avec assembleur."
C45,SENSORS.kicad_sch,4.7u,Samsung Electro-Mechanics,CL05A475MP5NRNC,0402 (1005),FC01_Project:SENSORS__C_Small,Capacitor_SMD:C_0402_1005Metric,1 2,1 2,PACKAGE_REVIEWED_STANDARD_LAND,https://product.samsungsem.com/mlcc/CL05A475MP5NRN.do,"Fiche famille Samsung: code CL05=0402, CL10=0603, CL21=0805; deux bornes non polarisées. Pads KiCad conservés; plan de sérigraphie/stencil à valider avec assembleur."
C46,SENSORS.kicad_sch,4.7u,Samsung Electro-Mechanics,CL05A475MP5NRNC,0402 (1005),FC01_Project:SENSORS__C_Small,Capacitor_SMD:C_0402_1005Metric,1 2,1 2,PACKAGE_REVIEWED_STANDARD_LAND,https://product.samsungsem.com/mlcc/CL05A475MP5NRN.do,"Fiche famille Samsung: code CL05=0402, CL10=0603, CL21=0805; deux bornes non polarisées. Pads KiCad conservés; plan de sérigraphie/stencil à valider avec assembleur."
C47,SENSORS.kicad_sch,100n X7R,Samsung Electro-Mechanics,CL05B104KO5NNNC,0402 (1005),FC01_Project:SENSORS__C_Small,Capacitor_SMD:C_0402_1005Metric,1 2,1 2,PACKAGE_REVIEWED_STANDARD_LAND,https://product.samsungsem.com/mlcc/CL05B104KO5NNN.do,"Fiche famille Samsung: code CL05=0402, CL10=0603, CL21=0805; deux bornes non polarisées. Pads KiCad conservés; plan de sérigraphie/stencil à valider avec assembleur."
C48,SENSORS.kicad_sch,100n X7R,Samsung Electro-Mechanics,CL05B104KO5NNNC,0402 (1005),FC01_Project:SENSORS__C_Small,Capacitor_SMD:C_0402_1005Metric,1 2,1 2,PACKAGE_REVIEWED_STANDARD_LAND,https://product.samsungsem.com/mlcc/CL05B104KO5NNN.do,"Fiche famille Samsung: code CL05=0402, CL10=0603, CL21=0805; deux bornes non polarisées. Pads KiCad conservés; plan de sérigraphie/stencil à valider avec assembleur."
C49,SENSORS.kicad_sch,100n X7R,Samsung Electro-Mechanics,CL05B104KO5NNNC,0402 (1005),FC01_Project:SENSORS__C_Small,Capacitor_SMD:C_0402_1005Metric,1 2,1 2,PACKAGE_REVIEWED_STANDARD_LAND,https://product.samsungsem.com/mlcc/CL05B104KO5NNN.do,"Fiche famille Samsung: code CL05=0402, CL10=0603, CL21=0805; deux bornes non polarisées. Pads KiCad conservés; plan de sérigraphie/stencil à valider avec assembleur."
C50,SENSORS.kicad_sch,100n X7R,Samsung Electro-Mechanics,CL05B104KO5NNNC,0402 (1005),FC01_Project:SENSORS__C_Small,Capacitor_SMD:C_0402_1005Metric,1 2,1 2,PACKAGE_REVIEWED_STANDARD_LAND,https://product.samsungsem.com/mlcc/CL05B104KO5NNN.do,"Fiche famille Samsung: code CL05=0402, CL10=0603, CL21=0805; deux bornes non polarisées. Pads KiCad conservés; plan de sérigraphie/stencil à valider avec assembleur."
C51,SENSORS.kicad_sch,100n X7R,Samsung Electro-Mechanics,CL05B104KO5NNNC,0402 (1005),FC01_Project:SENSORS__C_Small,Capacitor_SMD:C_0402_1005Metric,1 2,1 2,PACKAGE_REVIEWED_STANDARD_LAND,https://product.samsungsem.com/mlcc/CL05B104KO5NNN.do,"Fiche famille Samsung: code CL05=0402, CL10=0603, CL21=0805; deux bornes non polarisées. Pads KiCad conservés; plan de sérigraphie/stencil à valider avec assembleur."
C52,SENSORS.kicad_sch,100n X7R,Samsung Electro-Mechanics,CL05B104KO5NNNC,0402 (1005),FC01_Project:SENSORS__C_Small,Capacitor_SMD:C_0402_1005Metric,1 2,1 2,PACKAGE_REVIEWED_STANDARD_LAND,https://product.samsungsem.com/mlcc/CL05B104KO5NNN.do,"Fiche famille Samsung: code CL05=0402, CL10=0603, CL21=0805; deux bornes non polarisées. Pads KiCad conservés; plan de sérigraphie/stencil à valider avec assembleur."
C53,SENSORS.kicad_sch,100n,Samsung Electro-Mechanics,CL05B104KO5NNNC,0402 (1005),FC01_Project:SENSORS__C_Small,Capacitor_SMD:C_0402_1005Metric,1 2,1 2,PACKAGE_REVIEWED_STANDARD_LAND,https://product.samsungsem.com/mlcc/CL05B104KO5NNN.do,"Fiche famille Samsung: code CL05=0402, CL10=0603, CL21=0805; deux bornes non polarisées. Pads KiCad conservés; plan de sérigraphie/stencil à valider avec assembleur."
C54,SENSORS.kicad_sch,100n,Samsung Electro-Mechanics,CL05B104KO5NNNC,0402 (1005),FC01_Project:SENSORS__C_Small,Capacitor_SMD:C_0402_1005Metric,1 2,1 2,PACKAGE_REVIEWED_STANDARD_LAND,https://product.samsungsem.com/mlcc/CL05B104KO5NNN.do,"Fiche famille Samsung: code CL05=0402, CL10=0603, CL21=0805; deux bornes non polarisées. Pads KiCad conservés; plan de sérigraphie/stencil à valider avec assembleur."
C55,SENSORS.kicad_sch,100n,Samsung Electro-Mechanics,CL05B104KO5NNNC,0402 (1005),FC01_Project:SENSORS__C_Small,Capacitor_SMD:C_0402_1005Metric,1 2,1 2,PACKAGE_REVIEWED_STANDARD_LAND,https://product.samsungsem.com/mlcc/CL05B104KO5NNN.do,"Fiche famille Samsung: code CL05=0402, CL10=0603, CL21=0805; deux bornes non polarisées. Pads KiCad conservés; plan de sérigraphie/stencil à valider avec assembleur."
C56,SENSORS.kicad_sch,100n,Samsung Electro-Mechanics,CL05B104KO5NNNC,0402 (1005),FC01_Project:SENSORS__C_Small,Capacitor_SMD:C_0402_1005Metric,1 2,1 2,PACKAGE_REVIEWED_STANDARD_LAND,https://product.samsungsem.com/mlcc/CL05B104KO5NNN.do,"Fiche famille Samsung: code CL05=0402, CL10=0603, CL21=0805; deux bornes non polarisées. Pads KiCad conservés; plan de sérigraphie/stencil à valider avec assembleur."
C57,MICRO_SD.kicad_sch,1u,Samsung Electro-Mechanics,CL05A105KA5NQNC,0402 (1005),FC01_Project:MICRO_SD__C_Small,Capacitor_SMD:C_0402_1005Metric,1 2,1 2,PACKAGE_REVIEWED_STANDARD_LAND,https://product.samsungsem.com/mlcc/CL05A105KA5NQN.do,"Fiche famille Samsung: code CL05=0402, CL10=0603, CL21=0805; deux bornes non polarisées. Pads KiCad conservés; plan de sérigraphie/stencil à valider avec assembleur."
C58,MICRO_SD.kicad_sch,100n,Samsung Electro-Mechanics,CL05B104KO5NNNC,0402 (1005),FC01_Project:MICRO_SD__C_Small,Capacitor_SMD:C_0402_1005Metric,1 2,1 2,PACKAGE_REVIEWED_STANDARD_LAND,https://product.samsungsem.com/mlcc/CL05B104KO5NNN.do,"Fiche famille Samsung: code CL05=0402, CL10=0603, CL21=0805; deux bornes non polarisées. Pads KiCad conservés; plan de sérigraphie/stencil à valider avec assembleur."
D1,MCU.kicad_sch,19-337/R6GHBHC-M01/2T,Everlight Electronics,19-337/R6GHBHC-M01/2T,"6-SMD, 1.6x1.6x0.35 mm",FC01_Project:MCU__LED_RGB_EP_1,H743_Custom:Everlight_19-337_1.6x1.6mm,1 2 3 4 5 6,1 2 3 4 5 6,MANUFACTURER_LAND_CORRECTED,https://uploadcdn.oneyac.com/attachments/files/brand_pdf/everlight/BB/85/19337R6GHBHCM012T.pdf,"Everlight DSE0007440 Rev2 p.2: 1BK 2RK 3GK 4BA 5RA 6GA. Noms corrigés sans changer numéros/fils. Corps 1.6 x 1.6; centres x±0.7, y±0.75 et 0; pads extrêmes 0.6 x 0.5, centraux 0.6 x 0.6. Placement PCB à terminer."
D2,POWER.kicad_sch,SMAJ30CA,Diodes Incorporated,SMAJ30CA-13-F,DO-214AC / SMA,FC01_Project:POWER__SMAJ30CA,H743_Custom:Diodes_SMA_SMAJ30CA,1 2,1 2,MANUFACTURER_LAND_CORRECTED,https://www.diodes.com/datasheet/download/SMAJ5.0A.pdf,"Diodes SMAJ5.0A…SMAJ170CA, SMA/DO-214AC, p.5: pads 2.50 x 1.70, centres ±2.00 mm, gap1.50, extérieur6.50. Remplace le land pattern provenant du modèle Littelfuse; MPN Diodes SMAJ30CA-13-F conservé. TVS bidirectionnelle non polarisée."
D3,POWER.kicad_sch,"PMEG4030ER,115",Nexperia,"PMEG4030ER,115","CFP3 / SOD-123W, 2.6 x 1.7 x 1.0 mm",FC01_Project:POWER__1N5819WS,Diode_SMD:Nexperia_CFP3_SOD-123W,1 2,1 2,PACKAGE_REVIEWED_STANDARD_LAND,https://assets.nexperia.com/documents/data-sheet/PMEG4030ER.pdf,"Nexperia PMEG4030ER: SOD123W/CFP3, 1 cathode 2 anode. Empreinte CFP3 existante conservée."
D4,POWER.kicad_sch,1N5819HW-7-F,Diodes Incorporated,1N5819HW-7-F,SOD-123,FC01_Project:POWER__1N5819WS,Diode_SMD:D_SOD-123,1 2,1 2,PACKAGE_REVIEWED_STANDARD_LAND,https://www.diodes.com/datasheet/download/1N5819HW.pdf,"Diodes 1N5819HW-7-F: SOD-123, 1 cathode 2 anode. Lien datasheet corrigé (ancienne fiche Hottech 1N5819WS incorrecte)."
D5,CAN.kicad_sch,PESD2CAN,Nexperia,PESD2CANFD24V-TR,SOT-23 / TO-236AB,FC01_Project:CAN__PESD2CAN,Package_TO_SOT_SMD:SOT-23,1 2 3,1 2 3,PACKAGE_REVIEWED_STANDARD_LAND,https://assets.nexperia.com/documents/data-sheet/PESD2CANFD24V-T.pdf,"Nexperia PESD2CANFD24V-T: SOT23, 1K1 2K2 3CC. Noms des broches et datasheet corrigés; numéros et connexions inchangés. Les deux styles graphiques sont conservés."
FB1,MCU.kicad_sch,600Ω@100MHz,Murata Electronics,BLM15AG601SN1D,0402 (1005),FC01_Project:MCU__FerriteBead_Small,Inductor_SMD:L_0402_1005Metric,1 2,1 2,FAMILY_PACKAGE_REVIEWED,https://www.murata.com/products/productdata/8796740059166/ENFA0018.pdf,"BLM15, boîtier 1005/0402, deux bornes non polarisées. Empreinte KiCad conservée; spécification de commande détaillée à confirmer avant achat."
H1,H743_Ardupilot.kicad_sch,MountingHole_Pad,,,,FC01_Project:H743_Ardupilot__MountingHole_Pad,MountingHole:MountingHole_3.2mm_M3_ISO7380_Pad,1,1,PROJECT_PCB_FEATURE,Project design,"Pas de composant acheté: pastilles à souder, trou de montage, testpoint ou jumper. Correspondance symbole/pads contrôlée; contraintes mécaniques et usage à valider."
H2,H743_Ardupilot.kicad_sch,MountingHole_Pad,,,,FC01_Project:H743_Ardupilot__MountingHole_Pad,MountingHole:MountingHole_3.2mm_M3_ISO7380_Pad,1,1,PROJECT_PCB_FEATURE,Project design,"Pas de composant acheté: pastilles à souder, trou de montage, testpoint ou jumper. Correspondance symbole/pads contrôlée; contraintes mécaniques et usage à valider."
H3,H743_Ardupilot.kicad_sch,MountingHole_Pad,,,,FC01_Project:H743_Ardupilot__MountingHole_Pad,MountingHole:MountingHole_3.2mm_M3_ISO7380_Pad,1,1,PROJECT_PCB_FEATURE,Project design,"Pas de composant acheté: pastilles à souder, trou de montage, testpoint ou jumper. Correspondance symbole/pads contrôlée; contraintes mécaniques et usage à valider."
H4,H743_Ardupilot.kicad_sch,MountingHole_Pad,,,,FC01_Project:H743_Ardupilot__MountingHole_Pad,MountingHole:MountingHole_3.2mm_M3_ISO7380_Pad,1,1,PROJECT_PCB_FEATURE,Project design,"Pas de composant acheté: pastilles à souder, trou de montage, testpoint ou jumper. Correspondance symbole/pads contrôlée; contraintes mécaniques et usage à valider."
J1,ANALOG_SENS.kicad_sch,Analog,,,"Solder pad array 1x4, P2.54 mm, 1.00x1.00 mm SMD",FC01_Project:ANALOG_SENS__Conn_01x04,H743_Custom:SolderPadArray_1x04_P2.54mm_1x1mm,1 2 3 4,1 2 3 4,PROJECT_PCB_FEATURE,Project design,"Pas de composant acheté: pastilles à souder, trou de montage, testpoint ou jumper. Correspondance symbole/pads contrôlée; contraintes mécaniques et usage à valider."
J2,UART_I2C.kicad_sch,Uart1,,,"Solder pad array 1x4, P2.54 mm, 1.00x1.00 mm SMD",FC01_Project:UART_I2C__Conn_01x04,H743_Custom:SolderPadArray_1x04_P2.54mm_1x1mm,1 2 3 4,1 2 3 4,PROJECT_PCB_FEATURE,Project design,"Pas de composant acheté: pastilles à souder, trou de montage, testpoint ou jumper. Correspondance symbole/pads contrôlée; contraintes mécaniques et usage à valider."
J3,UART_I2C.kicad_sch,Uart4,,,"Solder pad array 1x4, P2.54 mm, 1.00x1.00 mm SMD",FC01_Project:UART_I2C__Conn_01x04,H743_Custom:SolderPadArray_1x04_P2.54mm_1x1mm,1 2 3 4,1 2 3 4,PROJECT_PCB_FEATURE,Project design,"Pas de composant acheté: pastilles à souder, trou de montage, testpoint ou jumper. Correspondance symbole/pads contrôlée; contraintes mécaniques et usage à valider."
J4,UART_I2C.kicad_sch,Uart7,,,"Solder pad array 1x6, P2.54 mm, 1.00x1.00 mm SMD",FC01_Project:UART_I2C__Conn_01x06,H743_Custom:SolderPadArray_1x06_P2.54mm_1x1mm,1 2 3 4 5 6,1 2 3 4 5 6,PROJECT_PCB_FEATURE,Project design,"Pas de composant acheté: pastilles à souder, trou de montage, testpoint ou jumper. Correspondance symbole/pads contrôlée; contraintes mécaniques et usage à valider."
J5,UART_I2C.kicad_sch,Uart(,,,"Solder pad array 1x4, P2.54 mm, 1.00x1.00 mm SMD",FC01_Project:UART_I2C__Conn_01x04,H743_Custom:SolderPadArray_1x04_P2.54mm_1x1mm,1 2 3 4,1 2 3 4,PROJECT_PCB_FEATURE,Project design,"Pas de composant acheté: pastilles à souder, trou de montage, testpoint ou jumper. Correspondance symbole/pads contrôlée; contraintes mécaniques et usage à valider."
J6,UART_I2C.kicad_sch,Uart6,,,"Solder pad array 1x4, P2.54 mm, 1.00x1.00 mm SMD",FC01_Project:UART_I2C__Conn_01x04,H743_Custom:SolderPadArray_1x04_P2.54mm_1x1mm,1 2 3 4,1 2 3 4,PROJECT_PCB_FEATURE,Project design,"Pas de composant acheté: pastilles à souder, trou de montage, testpoint ou jumper. Correspondance symbole/pads contrôlée; contraintes mécaniques et usage à valider."
J7,UART_I2C.kicad_sch,Uart3,,,"Solder pad array 1x4, P2.54 mm, 1.00x1.00 mm SMD",FC01_Project:UART_I2C__Conn_01x04,H743_Custom:SolderPadArray_1x04_P2.54mm_1x1mm,1 2 3 4,1 2 3 4,PROJECT_PCB_FEATURE,Project design,"Pas de composant acheté: pastilles à souder, trou de montage, testpoint ou jumper. Correspondance symbole/pads contrôlée; contraintes mécaniques et usage à valider."
J8,SENSORS.kicad_sch,I2C1,,,"Solder pad array 1x4, P2.54 mm, 1.00x1.00 mm SMD",FC01_Project:SENSORS__Conn_01x04,H743_Custom:SolderPadArray_1x04_P2.54mm_1x1mm,1 2 3 4,1 2 3 4,PROJECT_PCB_FEATURE,Project design,"Pas de composant acheté: pastilles à souder, trou de montage, testpoint ou jumper. Correspondance symbole/pads contrôlée; contraintes mécaniques et usage à valider."
J9,SENSORS.kicad_sch,I2C_2,,,"Solder pad array 1x4, P2.54 mm, 1.00x1.00 mm SMD",FC01_Project:SENSORS__Conn_01x04,H743_Custom:SolderPadArray_1x04_P2.54mm_1x1mm,1 2 3 4,1 2 3 4,PROJECT_PCB_FEATURE,Project design,"Pas de composant acheté: pastilles à souder, trou de montage, testpoint ou jumper. Correspondance symbole/pads contrôlée; contraintes mécaniques et usage à valider."
J10,BUZZER.kicad_sch,Led ext,,,,FC01_Project:BUZZER__Conn_01x03,H743_Custom:SolderPadArray_1x03_P2.54mm_1x1mm,1 2 3,1 2 3,PROJECT_PCB_FEATURE,Project design,"Pas de composant acheté: pastilles à souder, trou de montage, testpoint ou jumper. Correspondance symbole/pads contrôlée; contraintes mécaniques et usage à valider."
J11,BUZZER.kicad_sch,Buzzer,,,,FC01_Project:BUZZER__Conn_01x03,H743_Custom:SolderPadArray_1x03_P2.54mm_1x1mm,1 2 3,1 2 3,PROJECT_PCB_FEATURE,Project design,"Pas de composant acheté: pastilles à souder, trou de montage, testpoint ou jumper. Correspondance symbole/pads contrôlée; contraintes mécaniques et usage à valider."
J12,MICRO_SD.kicad_sch,10067099-200LF,Amphenol ICC (FCI),10067099-200LF,"microSD, SMD right-angle top-mount, 10 positions (8+2), H=2.65 mm",FC01_Project:MICRO_SD__Micro_SD_Card,H743_Custom:Amphenol_10067099-200LF_RevH,1 2 3 4 5 6 7 8 9 10,1 2 3 4 5 6 7 8 9 10,MANUFACTURER_DRAWING_REVIEWED,https://cdn.amphenol-cs.com/media/wysiwyg/files/drawing/10067099.pdf,"Plan Amphenol 10067099 Rev.H p.2: version 200LF hauteur 2.65 mm, 8 contacts pas 1.10 mm + 2 detecteurs. Plan local et STEP fournisseur rapproches de l empreinte; validation assemblage reste a faire."
J13,CAN.kicad_sch,Can1_2,,,"Solder pad array 1x4, P2.54 mm, 1.00x1.00 mm SMD",FC01_Project:CAN__Conn_01x04,H743_Custom:SolderPadArray_1x04_P2.54mm_1x1mm,1 2 3 4,1 2 3 4,PROJECT_PCB_FEATURE,Project design,"Pas de composant acheté: pastilles à souder, trou de montage, testpoint ou jumper. Correspondance symbole/pads contrôlée; contraintes mécaniques et usage à valider."
J14,CAN.kicad_sch,Can1_1,,,"Solder pad array 1x4, P2.54 mm, 1.00x1.00 mm SMD",FC01_Project:CAN__Conn_01x04,H743_Custom:SolderPadArray_1x04_P2.54mm_1x1mm,1 2 3 4,1 2 3 4,PROJECT_PCB_FEATURE,Project design,"Pas de composant acheté: pastilles à souder, trou de montage, testpoint ou jumper. Correspondance symbole/pads contrôlée; contraintes mécaniques et usage à valider."
JP1,MCU.kicad_sch,SolderJumper_2_Open,,,PCB solder jumper,FC01_Project:MCU__SolderJumper_2_Open,Jumper:SolderJumper-2_P1.3mm_Open_RoundedPad1.0x1.5mm,1 2,1 2,PROJECT_PCB_FEATURE,Project design,"Pas de composant acheté: pastilles à souder, trou de montage, testpoint ou jumper. Correspondance symbole/pads contrôlée; contraintes mécaniques et usage à valider."
L1,POWER.kicad_sch,3.3u,Coilcraft,XGL4030-332MEC,"XGL4030, 4.0x4.0x3.1 mm",FC01_Project:POWER__L,H743_Custom:L_Coilcraft_XGL4030,1 2,1 2,MANUFACTURER_LAND_REVIEWED,https://www.coilcraft.com/en-us/products/power/shielded-inductors/molded-inductor/xgl/xgl4030/xgl4030-332/,"Coilcraft document 1575-4 du 19/12/2022: pads 0.98 x 3.40 mm, entraxe 2.37 mm; concordent avec empreinte. Enveloppe 4 x 4 x 3.1 mm. Tol. corps +/-0.3 mm non representee."
L2,POWER.kicad_sch,3.3u,Coilcraft,XGL4030-332MEC,"XGL4030, 4.0x4.0x3.1 mm",FC01_Project:POWER__L,H743_Custom:L_Coilcraft_XGL4030,1 2,1 2,MANUFACTURER_LAND_REVIEWED,https://www.coilcraft.com/en-us/products/power/shielded-inductors/molded-inductor/xgl/xgl4030/xgl4030-332/,"Coilcraft document 1575-4 du 19/12/2022: pads 0.98 x 3.40 mm, entraxe 2.37 mm; concordent avec empreinte. Enveloppe 4 x 4 x 3.1 mm. Tol. corps +/-0.3 mm non representee."
Q1,BUZZER.kicad_sch,AO3400A,Alpha & Omega Semiconductor,AO3400A,SOT-23-3,FC01_Project:BUZZER__AO3400A,Package_TO_SOT_SMD:SOT-23,1 2 3,1 2 3,PACKAGE_REVIEWED_STANDARD_LAND,https://aosmd.com/res/data_sheets/AO3400A.pdf,"AOS AO3400A: SOT23, 1Gate 2Source 3Drain; numérotation conservée."
R1,H743_Ardupilot.kicad_sch,5.1K,UNI-ROYAL(Uniroyal Elec),0402WGF5101TCE,,FC01_Project:H743_Ardupilot__R_Small,Resistor_SMD:R_0402_1005Metric,1 2,1 2,FAMILY_PACKAGE_REVIEWED,https://www.royalohm.com/assets/pdf/products/smd/1.pdf,"Royalohm Thick Film Chip Resistors pp.1,3: 0402 1.00±0.10 x 0.50±0.05 mm; code 5101=5.1 kohm, F=1%. Deux bornes non polarisées; pads KiCad conservés."
R2,H743_Ardupilot.kicad_sch,5.1K,UNI-ROYAL(Uniroyal Elec),0402WGF5101TCE,,FC01_Project:H743_Ardupilot__R_Small,Resistor_SMD:R_0402_1005Metric,1 2,1 2,FAMILY_PACKAGE_REVIEWED,https://www.royalohm.com/assets/pdf/products/smd/1.pdf,"Royalohm Thick Film Chip Resistors pp.1,3: 0402 1.00±0.10 x 0.50±0.05 mm; code 5101=5.1 kohm, F=1%. Deux bornes non polarisées; pads KiCad conservés."
R3,MCU.kicad_sch,220R,YAGEO,RC0402FR-07220RL,0402 (1005),FC01_Project:MCU__R_Small,Resistor_SMD:R_0402_1005Metric,1 2,1 2,FAMILY_PACKAGE_REVIEWED,https://www.digikey.com/en/resources/datasheets/yageo/rc-series-l-suffix-datasheet,"Document fabricant Yageo RC (hébergé DigiKey): famille RC0402, corps 1.0 x 0.5 mm, deux bornes non polarisées. Empreinte KiCad 0402 conservée; suffixe de commande et valeur issus du schéma, disponibilité non recontrôlée."
R4,MCU.kicad_sch,220R,YAGEO,RC0402FR-07220RL,0402 (1005),FC01_Project:MCU__R_Small,Resistor_SMD:R_0402_1005Metric,1 2,1 2,FAMILY_PACKAGE_REVIEWED,https://www.digikey.com/en/resources/datasheets/yageo/rc-series-l-suffix-datasheet,"Document fabricant Yageo RC (hébergé DigiKey): famille RC0402, corps 1.0 x 0.5 mm, deux bornes non polarisées. Empreinte KiCad 0402 conservée; suffixe de commande et valeur issus du schéma, disponibilité non recontrôlée."
R5,MCU.kicad_sch,220R,YAGEO,RC0402FR-07220RL,0402 (1005),FC01_Project:MCU__R_Small,Resistor_SMD:R_0402_1005Metric,1 2,1 2,FAMILY_PACKAGE_REVIEWED,https://www.digikey.com/en/resources/datasheets/yageo/rc-series-l-suffix-datasheet,"Document fabricant Yageo RC (hébergé DigiKey): famille RC0402, corps 1.0 x 0.5 mm, deux bornes non polarisées. Empreinte KiCad 0402 conservée; suffixe de commande et valeur issus du schéma, disponibilité non recontrôlée."
R6,MCU.kicad_sch,10K,YAGEO,RC0402FR-0710KL,0402 (1005),FC01_Project:MCU__R_Small,Resistor_SMD:R_0402_1005Metric,1 2,1 2,FAMILY_PACKAGE_REVIEWED,https://www.digikey.com/en/resources/datasheets/yageo/rc-series-l-suffix-datasheet,"Document fabricant Yageo RC (hébergé DigiKey): famille RC0402, corps 1.0 x 0.5 mm, deux bornes non polarisées. Empreinte KiCad 0402 conservée; suffixe de commande et valeur issus du schéma, disponibilité non recontrôlée."
R7,MCU.kicad_sch,100K,YAGEO,RC0402FR-07100KL,0402 (1005),FC01_Project:MCU__R_Small,Resistor_SMD:R_0402_1005Metric,1 2,1 2,FAMILY_PACKAGE_REVIEWED,https://www.digikey.com/en/resources/datasheets/yageo/rc-series-l-suffix-datasheet,"Document fabricant Yageo RC (hébergé DigiKey): famille RC0402, corps 1.0 x 0.5 mm, deux bornes non polarisées. Empreinte KiCad 0402 conservée; suffixe de commande et valeur issus du schéma, disponibilité non recontrôlée."
R8,POWER.kicad_sch,100K,YAGEO,RC0402FR-07100KL,0402 (1005 Metric),FC01_Project:POWER__R_Small,Resistor_SMD:R_0402_1005Metric,1 2,1 2,FAMILY_PACKAGE_REVIEWED,https://www.digikey.com/en/resources/datasheets/yageo/rc-series-l-suffix-datasheet,"Document fabricant Yageo RC (hébergé DigiKey): famille RC0402, corps 1.0 x 0.5 mm, deux bornes non polarisées. Empreinte KiCad 0402 conservée; suffixe de commande et valeur issus du schéma, disponibilité non recontrôlée."
R9,POWER.kicad_sch,16.5k,YAGEO,RC0402FR-0716K5L,0402 (1005 Metric),FC01_Project:POWER__R_Small,Resistor_SMD:R_0402_1005Metric,1 2,1 2,FAMILY_PACKAGE_REVIEWED,https://www.digikey.com/en/resources/datasheets/yageo/rc-series-l-suffix-datasheet,"Document fabricant Yageo RC (hébergé DigiKey): famille RC0402, corps 1.0 x 0.5 mm, deux bornes non polarisées. Empreinte KiCad 0402 conservée; suffixe de commande et valeur issus du schéma, disponibilité non recontrôlée."
R10,POWER.kicad_sch,100K,YAGEO,RC0402FR-07100KL,0402 (1005 Metric),FC01_Project:POWER__R_Small,Resistor_SMD:R_0402_1005Metric,1 2,1 2,FAMILY_PACKAGE_REVIEWED,https://www.digikey.com/en/resources/datasheets/yageo/rc-series-l-suffix-datasheet,"Document fabricant Yageo RC (hébergé DigiKey): famille RC0402, corps 1.0 x 0.5 mm, deux bornes non polarisées. Empreinte KiCad 0402 conservée; suffixe de commande et valeur issus du schéma, disponibilité non recontrôlée."
R11,POWER.kicad_sch,12.4K,YAGEO,RC0402FR-0712K4L,0402 (1005 Metric),FC01_Project:POWER__R_Small,Resistor_SMD:R_0402_1005Metric,1 2,1 2,FAMILY_PACKAGE_REVIEWED,https://www.digikey.com/en/resources/datasheets/yageo/rc-series-l-suffix-datasheet,"Document fabricant Yageo RC (hébergé DigiKey): famille RC0402, corps 1.0 x 0.5 mm, deux bornes non polarisées. Empreinte KiCad 0402 conservée; suffixe de commande et valeur issus du schéma, disponibilité non recontrôlée."
R12,POWER.kicad_sch,10K,YAGEO,RC0402FR-0710KL,0402 (1005 Metric),FC01_Project:POWER__R_Small,Resistor_SMD:R_0402_1005Metric,1 2,1 2,FAMILY_PACKAGE_REVIEWED,https://www.digikey.com/en/resources/datasheets/yageo/rc-series-l-suffix-datasheet,"Document fabricant Yageo RC (hébergé DigiKey): famille RC0402, corps 1.0 x 0.5 mm, deux bornes non polarisées. Empreinte KiCad 0402 conservée; suffixe de commande et valeur issus du schéma, disponibilité non recontrôlée."
R13,POWER.kicad_sch,10K,YAGEO,RC0402FR-0710KL,0402 (1005 Metric),FC01_Project:POWER__R_Small,Resistor_SMD:R_0402_1005Metric,1 2,1 2,FAMILY_PACKAGE_REVIEWED,https://www.digikey.com/en/resources/datasheets/yageo/rc-series-l-suffix-datasheet,"Document fabricant Yageo RC (hébergé DigiKey): famille RC0402, corps 1.0 x 0.5 mm, deux bornes non polarisées. Empreinte KiCad 0402 conservée; suffixe de commande et valeur issus du schéma, disponibilité non recontrôlée."
R14,ANALOG_SENS.kicad_sch,10K,YAGEO,RC0402FR-0710KL,0402 (1005),FC01_Project:ANALOG_SENS__R_Small,Resistor_SMD:R_0402_1005Metric,1 2,1 2,FAMILY_PACKAGE_REVIEWED,https://www.digikey.com/en/resources/datasheets/yageo/rc-series-l-suffix-datasheet,"Document fabricant Yageo RC (hébergé DigiKey): famille RC0402, corps 1.0 x 0.5 mm, deux bornes non polarisées. Empreinte KiCad 0402 conservée; suffixe de commande et valeur issus du schéma, disponibilité non recontrôlée."
R15,ANALOG_SENS.kicad_sch,1K,YAGEO,RC0402FR-071KL,0402 (1005),FC01_Project:ANALOG_SENS__R_Small,Resistor_SMD:R_0402_1005Metric,1 2,1 2,FAMILY_PACKAGE_REVIEWED,https://www.digikey.com/en/resources/datasheets/yageo/rc-series-l-suffix-datasheet,"Document fabricant Yageo RC (hébergé DigiKey): famille RC0402, corps 1.0 x 0.5 mm, deux bornes non polarisées. Empreinte KiCad 0402 conservée; suffixe de commande et valeur issus du schéma, disponibilité non recontrôlée."
R16,ANALOG_SENS.kicad_sch,10K,YAGEO,RC0402FR-0710KL,0402 (1005),FC01_Project:ANALOG_SENS__R_Small,Resistor_SMD:R_0402_1005Metric,1 2,1 2,FAMILY_PACKAGE_REVIEWED,https://www.digikey.com/en/resources/datasheets/yageo/rc-series-l-suffix-datasheet,"Document fabricant Yageo RC (hébergé DigiKey): famille RC0402, corps 1.0 x 0.5 mm, deux bornes non polarisées. Empreinte KiCad 0402 conservée; suffixe de commande et valeur issus du schéma, disponibilité non recontrôlée."
R17,ANALOG_SENS.kicad_sch,10K,YAGEO,RC0402FR-0710KL,0402 (1005),FC01_Project:ANALOG_SENS__R_Small,Resistor_SMD:R_0402_1005Metric,1 2,1 2,FAMILY_PACKAGE_REVIEWED,https://www.digikey.com/en/resources/datasheets/yageo/rc-series-l-suffix-datasheet,"Document fabricant Yageo RC (hébergé DigiKey): famille RC0402, corps 1.0 x 0.5 mm, deux bornes non polarisées. Empreinte KiCad 0402 conservée; suffixe de commande et valeur issus du schéma, disponibilité non recontrôlée."
R18,ANALOG_SENS.kicad_sch,20K,YAGEO,RC0402FR-0720KL,0402 (1005),FC01_Project:ANALOG_SENS__R_Small,Resistor_SMD:R_0402_1005Metric,1 2,1 2,FAMILY_PACKAGE_REVIEWED,https://www.digikey.com/en/resources/datasheets/yageo/rc-series-l-suffix-datasheet,"Document fabricant Yageo RC (hébergé DigiKey): famille RC0402, corps 1.0 x 0.5 mm, deux bornes non polarisées. Empreinte KiCad 0402 conservée; suffixe de commande et valeur issus du schéma, disponibilité non recontrôlée."
R19,ANALOG_SENS.kicad_sch,1K,YAGEO,RC0402FR-071KL,0402 (1005),FC01_Project:ANALOG_SENS__R_Small,Resistor_SMD:R_0402_1005Metric,1 2,1 2,FAMILY_PACKAGE_REVIEWED,https://www.digikey.com/en/resources/datasheets/yageo/rc-series-l-suffix-datasheet,"Document fabricant Yageo RC (hébergé DigiKey): famille RC0402, corps 1.0 x 0.5 mm, deux bornes non polarisées. Empreinte KiCad 0402 conservée; suffixe de commande et valeur issus du schéma, disponibilité non recontrôlée."
R20,UART_I2C.kicad_sch,200,YAGEO,RC0402FR-07200RL,0402 (1005 Metric),FC01_Project:UART_I2C__R_Small,Resistor_SMD:R_0402_1005Metric,1 2,1 2,FAMILY_PACKAGE_REVIEWED,https://www.digikey.com/en/resources/datasheets/yageo/rc-series-l-suffix-datasheet,"Document fabricant Yageo RC (hébergé DigiKey): famille RC0402, corps 1.0 x 0.5 mm, deux bornes non polarisées. Empreinte KiCad 0402 conservée; suffixe de commande et valeur issus du schéma, disponibilité non recontrôlée."
R21,UART_I2C.kicad_sch,200,YAGEO,RC0402FR-07200RL,0402 (1005 Metric),FC01_Project:UART_I2C__R_Small,Resistor_SMD:R_0402_1005Metric,1 2,1 2,FAMILY_PACKAGE_REVIEWED,https://www.digikey.com/en/resources/datasheets/yageo/rc-series-l-suffix-datasheet,"Document fabricant Yageo RC (hébergé DigiKey): famille RC0402, corps 1.0 x 0.5 mm, deux bornes non polarisées. Empreinte KiCad 0402 conservée; suffixe de commande et valeur issus du schéma, disponibilité non recontrôlée."
R22,UART_I2C.kicad_sch,200,YAGEO,RC0402FR-07200RL,0402 (1005 Metric),FC01_Project:UART_I2C__R_Small,Resistor_SMD:R_0402_1005Metric,1 2,1 2,FAMILY_PACKAGE_REVIEWED,https://www.digikey.com/en/resources/datasheets/yageo/rc-series-l-suffix-datasheet,"Document fabricant Yageo RC (hébergé DigiKey): famille RC0402, corps 1.0 x 0.5 mm, deux bornes non polarisées. Empreinte KiCad 0402 conservée; suffixe de commande et valeur issus du schéma, disponibilité non recontrôlée."
R23,UART_I2C.kicad_sch,200,YAGEO,RC0402FR-07200RL,0402 (1005 Metric),FC01_Project:UART_I2C__R_Small,Resistor_SMD:R_0402_1005Metric,1 2,1 2,FAMILY_PACKAGE_REVIEWED,https://www.digikey.com/en/resources/datasheets/yageo/rc-series-l-suffix-datasheet,"Document fabricant Yageo RC (hébergé DigiKey): famille RC0402, corps 1.0 x 0.5 mm, deux bornes non polarisées. Empreinte KiCad 0402 conservée; suffixe de commande et valeur issus du schéma, disponibilité non recontrôlée."
R24,UART_I2C.kicad_sch,200,YAGEO,RC0402FR-07200RL,0402 (1005 Metric),FC01_Project:UART_I2C__R_Small,Resistor_SMD:R_0402_1005Metric,1 2,1 2,FAMILY_PACKAGE_REVIEWED,https://www.digikey.com/en/resources/datasheets/yageo/rc-series-l-suffix-datasheet,"Document fabricant Yageo RC (hébergé DigiKey): famille RC0402, corps 1.0 x 0.5 mm, deux bornes non polarisées. Empreinte KiCad 0402 conservée; suffixe de commande et valeur issus du schéma, disponibilité non recontrôlée."
R25,UART_I2C.kicad_sch,200,YAGEO,RC0402FR-07200RL,0402 (1005 Metric),FC01_Project:UART_I2C__R_Small,Resistor_SMD:R_0402_1005Metric,1 2,1 2,FAMILY_PACKAGE_REVIEWED,https://www.digikey.com/en/resources/datasheets/yageo/rc-series-l-suffix-datasheet,"Document fabricant Yageo RC (hébergé DigiKey): famille RC0402, corps 1.0 x 0.5 mm, deux bornes non polarisées. Empreinte KiCad 0402 conservée; suffixe de commande et valeur issus du schéma, disponibilité non recontrôlée."
R26,UART_I2C.kicad_sch,200,YAGEO,RC0402FR-07200RL,0402 (1005 Metric),FC01_Project:UART_I2C__R_Small,Resistor_SMD:R_0402_1005Metric,1 2,1 2,FAMILY_PACKAGE_REVIEWED,https://www.digikey.com/en/resources/datasheets/yageo/rc-series-l-suffix-datasheet,"Document fabricant Yageo RC (hébergé DigiKey): famille RC0402, corps 1.0 x 0.5 mm, deux bornes non polarisées. Empreinte KiCad 0402 conservée; suffixe de commande et valeur issus du schéma, disponibilité non recontrôlée."
R27,UART_I2C.kicad_sch,200,YAGEO,RC0402FR-07200RL,0402 (1005 Metric),FC01_Project:UART_I2C__R_Small,Resistor_SMD:R_0402_1005Metric,1 2,1 2,FAMILY_PACKAGE_REVIEWED,https://www.digikey.com/en/resources/datasheets/yageo/rc-series-l-suffix-datasheet,"Document fabricant Yageo RC (hébergé DigiKey): famille RC0402, corps 1.0 x 0.5 mm, deux bornes non polarisées. Empreinte KiCad 0402 conservée; suffixe de commande et valeur issus du schéma, disponibilité non recontrôlée."
R28,UART_I2C.kicad_sch,200,YAGEO,RC0402FR-07200RL,0402 (1005 Metric),FC01_Project:UART_I2C__R_Small,Resistor_SMD:R_0402_1005Metric,1 2,1 2,FAMILY_PACKAGE_REVIEWED,https://www.digikey.com/en/resources/datasheets/yageo/rc-series-l-suffix-datasheet,"Document fabricant Yageo RC (hébergé DigiKey): famille RC0402, corps 1.0 x 0.5 mm, deux bornes non polarisées. Empreinte KiCad 0402 conservée; suffixe de commande et valeur issus du schéma, disponibilité non recontrôlée."
R29,UART_I2C.kicad_sch,200,YAGEO,RC0402FR-07200RL,0402 (1005 Metric),FC01_Project:UART_I2C__R_Small,Resistor_SMD:R_0402_1005Metric,1 2,1 2,FAMILY_PACKAGE_REVIEWED,https://www.digikey.com/en/resources/datasheets/yageo/rc-series-l-suffix-datasheet,"Document fabricant Yageo RC (hébergé DigiKey): famille RC0402, corps 1.0 x 0.5 mm, deux bornes non polarisées. Empreinte KiCad 0402 conservée; suffixe de commande et valeur issus du schéma, disponibilité non recontrôlée."
R30,UART_I2C.kicad_sch,200,YAGEO,RC0402FR-07200RL,0402 (1005 Metric),FC01_Project:UART_I2C__R_Small,Resistor_SMD:R_0402_1005Metric,1 2,1 2,FAMILY_PACKAGE_REVIEWED,https://www.digikey.com/en/resources/datasheets/yageo/rc-series-l-suffix-datasheet,"Document fabricant Yageo RC (hébergé DigiKey): famille RC0402, corps 1.0 x 0.5 mm, deux bornes non polarisées. Empreinte KiCad 0402 conservée; suffixe de commande et valeur issus du schéma, disponibilité non recontrôlée."
R31,UART_I2C.kicad_sch,200,YAGEO,RC0402FR-07200RL,0402 (1005 Metric),FC01_Project:UART_I2C__R_Small,Resistor_SMD:R_0402_1005Metric,1 2,1 2,FAMILY_PACKAGE_REVIEWED,https://www.digikey.com/en/resources/datasheets/yageo/rc-series-l-suffix-datasheet,"Document fabricant Yageo RC (hébergé DigiKey): famille RC0402, corps 1.0 x 0.5 mm, deux bornes non polarisées. Empreinte KiCad 0402 conservée; suffixe de commande et valeur issus du schéma, disponibilité non recontrôlée."
R32,UART_I2C.kicad_sch,200,YAGEO,RC0402FR-07200RL,0402 (1005 Metric),FC01_Project:UART_I2C__R_Small,Resistor_SMD:R_0402_1005Metric,1 2,1 2,FAMILY_PACKAGE_REVIEWED,https://www.digikey.com/en/resources/datasheets/yageo/rc-series-l-suffix-datasheet,"Document fabricant Yageo RC (hébergé DigiKey): famille RC0402, corps 1.0 x 0.5 mm, deux bornes non polarisées. Empreinte KiCad 0402 conservée; suffixe de commande et valeur issus du schéma, disponibilité non recontrôlée."
R33,UART_I2C.kicad_sch,200,YAGEO,RC0402FR-07200RL,0402 (1005 Metric),FC01_Project:UART_I2C__R_Small,Resistor_SMD:R_0402_1005Metric,1 2,1 2,FAMILY_PACKAGE_REVIEWED,https://www.digikey.com/en/resources/datasheets/yageo/rc-series-l-suffix-datasheet,"Document fabricant Yageo RC (hébergé DigiKey): famille RC0402, corps 1.0 x 0.5 mm, deux bornes non polarisées. Empreinte KiCad 0402 conservée; suffixe de commande et valeur issus du schéma, disponibilité non recontrôlée."
R34,SENSORS.kicad_sch,0R,YAGEO,RC0402JR-070RL,0402 (1005),FC01_Project:SENSORS__R_Small,Resistor_SMD:R_0402_1005Metric,1 2,1 2,FAMILY_PACKAGE_REVIEWED,https://www.digikey.com/en/resources/datasheets/yageo/rc-series-l-suffix-datasheet,"Document fabricant Yageo RC (hébergé DigiKey): famille RC0402, corps 1.0 x 0.5 mm, deux bornes non polarisées. Empreinte KiCad 0402 conservée; suffixe de commande et valeur issus du schéma, disponibilité non recontrôlée."
R35,SENSORS.kicad_sch,0R,YAGEO,RC0402JR-070RL,0402 (1005),FC01_Project:SENSORS__R_Small,Resistor_SMD:R_0402_1005Metric,1 2,1 2,FAMILY_PACKAGE_REVIEWED,https://www.digikey.com/en/resources/datasheets/yageo/rc-series-l-suffix-datasheet,"Document fabricant Yageo RC (hébergé DigiKey): famille RC0402, corps 1.0 x 0.5 mm, deux bornes non polarisées. Empreinte KiCad 0402 conservée; suffixe de commande et valeur issus du schéma, disponibilité non recontrôlée."
R36,SENSORS.kicad_sch,0R,YAGEO,RC0402JR-070RL,0402 (1005),FC01_Project:SENSORS__R_Small,Resistor_SMD:R_0402_1005Metric,1 2,1 2,FAMILY_PACKAGE_REVIEWED,https://www.digikey.com/en/resources/datasheets/yageo/rc-series-l-suffix-datasheet,"Document fabricant Yageo RC (hébergé DigiKey): famille RC0402, corps 1.0 x 0.5 mm, deux bornes non polarisées. Empreinte KiCad 0402 conservée; suffixe de commande et valeur issus du schéma, disponibilité non recontrôlée."
R37,SENSORS.kicad_sch,4.7K,YAGEO,RC0402FR-074K7L,0402 (1005),FC01_Project:SENSORS__R_Small,Resistor_SMD:R_0402_1005Metric,1 2,1 2,FAMILY_PACKAGE_REVIEWED,https://www.digikey.com/en/resources/datasheets/yageo/rc-series-l-suffix-datasheet,"Document fabricant Yageo RC (hébergé DigiKey): famille RC0402, corps 1.0 x 0.5 mm, deux bornes non polarisées. Empreinte KiCad 0402 conservée; suffixe de commande et valeur issus du schéma, disponibilité non recontrôlée."
R38,SENSORS.kicad_sch,4.7K,YAGEO,RC0402FR-074K7L,0402 (1005),FC01_Project:SENSORS__R_Small,Resistor_SMD:R_0402_1005Metric,1 2,1 2,FAMILY_PACKAGE_REVIEWED,https://www.digikey.com/en/resources/datasheets/yageo/rc-series-l-suffix-datasheet,"Document fabricant Yageo RC (hébergé DigiKey): famille RC0402, corps 1.0 x 0.5 mm, deux bornes non polarisées. Empreinte KiCad 0402 conservée; suffixe de commande et valeur issus du schéma, disponibilité non recontrôlée."
R39,BUZZER.kicad_sch,1K,YAGEO,RC0402FR-071KL,0402 (1005 Metric),FC01_Project:BUZZER__R_Small,Resistor_SMD:R_0402_1005Metric,1 2,1 2,FAMILY_PACKAGE_REVIEWED,https://www.digikey.com/en/resources/datasheets/yageo/rc-series-l-suffix-datasheet,"Document fabricant Yageo RC (hébergé DigiKey): famille RC0402, corps 1.0 x 0.5 mm, deux bornes non polarisées. Empreinte KiCad 0402 conservée; suffixe de commande et valeur issus du schéma, disponibilité non recontrôlée."
R40,BUZZER.kicad_sch,10K,YAGEO,RC0402FR-0710KL,0402 (1005 Metric),FC01_Project:BUZZER__R_Small,Resistor_SMD:R_0402_1005Metric,1 2,1 2,FAMILY_PACKAGE_REVIEWED,https://www.digikey.com/en/resources/datasheets/yageo/rc-series-l-suffix-datasheet,"Document fabricant Yageo RC (hébergé DigiKey): famille RC0402, corps 1.0 x 0.5 mm, deux bornes non polarisées. Empreinte KiCad 0402 conservée; suffixe de commande et valeur issus du schéma, disponibilité non recontrôlée."
R41,MICRO_SD.kicad_sch,10K,YAGEO,RC0402FR-0710KL,0402 (1005 Metric),FC01_Project:MICRO_SD__R_Small,Resistor_SMD:R_0402_1005Metric,1 2,1 2,FAMILY_PACKAGE_REVIEWED,https://www.digikey.com/en/resources/datasheets/yageo/rc-series-l-suffix-datasheet,"Document fabricant Yageo RC (hébergé DigiKey): famille RC0402, corps 1.0 x 0.5 mm, deux bornes non polarisées. Empreinte KiCad 0402 conservée; suffixe de commande et valeur issus du schéma, disponibilité non recontrôlée."
R42,MICRO_SD.kicad_sch,10K,YAGEO,RC0402FR-0710KL,0402 (1005 Metric),FC01_Project:MICRO_SD__R_Small,Resistor_SMD:R_0402_1005Metric,1 2,1 2,FAMILY_PACKAGE_REVIEWED,https://www.digikey.com/en/resources/datasheets/yageo/rc-series-l-suffix-datasheet,"Document fabricant Yageo RC (hébergé DigiKey): famille RC0402, corps 1.0 x 0.5 mm, deux bornes non polarisées. Empreinte KiCad 0402 conservée; suffixe de commande et valeur issus du schéma, disponibilité non recontrôlée."
R43,MICRO_SD.kicad_sch,10K,YAGEO,RC0402FR-0710KL,0402 (1005 Metric),FC01_Project:MICRO_SD__R_Small,Resistor_SMD:R_0402_1005Metric,1 2,1 2,FAMILY_PACKAGE_REVIEWED,https://www.digikey.com/en/resources/datasheets/yageo/rc-series-l-suffix-datasheet,"Document fabricant Yageo RC (hébergé DigiKey): famille RC0402, corps 1.0 x 0.5 mm, deux bornes non polarisées. Empreinte KiCad 0402 conservée; suffixe de commande et valeur issus du schéma, disponibilité non recontrôlée."
R44,MICRO_SD.kicad_sch,10K,YAGEO,RC0402FR-0710KL,0402 (1005 Metric),FC01_Project:MICRO_SD__R_Small,Resistor_SMD:R_0402_1005Metric,1 2,1 2,FAMILY_PACKAGE_REVIEWED,https://www.digikey.com/en/resources/datasheets/yageo/rc-series-l-suffix-datasheet,"Document fabricant Yageo RC (hébergé DigiKey): famille RC0402, corps 1.0 x 0.5 mm, deux bornes non polarisées. Empreinte KiCad 0402 conservée; suffixe de commande et valeur issus du schéma, disponibilité non recontrôlée."
R45,MICRO_SD.kicad_sch,10K,YAGEO,RC0402FR-0710KL,0402 (1005 Metric),FC01_Project:MICRO_SD__R_Small,Resistor_SMD:R_0402_1005Metric,1 2,1 2,FAMILY_PACKAGE_REVIEWED,https://www.digikey.com/en/resources/datasheets/yageo/rc-series-l-suffix-datasheet,"Document fabricant Yageo RC (hébergé DigiKey): famille RC0402, corps 1.0 x 0.5 mm, deux bornes non polarisées. Empreinte KiCad 0402 conservée; suffixe de commande et valeur issus du schéma, disponibilité non recontrôlée."
R46,MICRO_SD.kicad_sch,10K,YAGEO,RC0402FR-0710KL,0402 (1005 Metric),FC01_Project:MICRO_SD__R_Small,Resistor_SMD:R_0402_1005Metric,1 2,1 2,FAMILY_PACKAGE_REVIEWED,https://www.digikey.com/en/resources/datasheets/yageo/rc-series-l-suffix-datasheet,"Document fabricant Yageo RC (hébergé DigiKey): famille RC0402, corps 1.0 x 0.5 mm, deux bornes non polarisées. Empreinte KiCad 0402 conservée; suffixe de commande et valeur issus du schéma, disponibilité non recontrôlée."
R47,MOTORS[1-4].kicad_sch,200,YAGEO,RC0402FR-07200RL,0402 (1005 Metric),FC01_Project:MOTORS1-4__R_Small,Resistor_SMD:R_0402_1005Metric,1 2,1 2,FAMILY_PACKAGE_REVIEWED,https://www.digikey.com/en/resources/datasheets/yageo/rc-series-l-suffix-datasheet,"Document fabricant Yageo RC (hébergé DigiKey): famille RC0402, corps 1.0 x 0.5 mm, deux bornes non polarisées. Empreinte KiCad 0402 conservée; suffixe de commande et valeur issus du schéma, disponibilité non recontrôlée."
R48,MOTORS[1-4].kicad_sch,200,YAGEO,RC0402FR-07200RL,0402 (1005 Metric),FC01_Project:MOTORS1-4__R_Small,Resistor_SMD:R_0402_1005Metric,1 2,1 2,FAMILY_PACKAGE_REVIEWED,https://www.digikey.com/en/resources/datasheets/yageo/rc-series-l-suffix-datasheet,"Document fabricant Yageo RC (hébergé DigiKey): famille RC0402, corps 1.0 x 0.5 mm, deux bornes non polarisées. Empreinte KiCad 0402 conservée; suffixe de commande et valeur issus du schéma, disponibilité non recontrôlée."
R49,MOTORS[1-4].kicad_sch,200,YAGEO,RC0402FR-07200RL,0402 (1005 Metric),FC01_Project:MOTORS1-4__R_Small,Resistor_SMD:R_0402_1005Metric,1 2,1 2,FAMILY_PACKAGE_REVIEWED,https://www.digikey.com/en/resources/datasheets/yageo/rc-series-l-suffix-datasheet,"Document fabricant Yageo RC (hébergé DigiKey): famille RC0402, corps 1.0 x 0.5 mm, deux bornes non polarisées. Empreinte KiCad 0402 conservée; suffixe de commande et valeur issus du schéma, disponibilité non recontrôlée."
R50,MOTORS[1-4].kicad_sch,200,YAGEO,RC0402FR-07200RL,0402 (1005 Metric),FC01_Project:MOTORS1-4__R_Small,Resistor_SMD:R_0402_1005Metric,1 2,1 2,FAMILY_PACKAGE_REVIEWED,https://www.digikey.com/en/resources/datasheets/yageo/rc-series-l-suffix-datasheet,"Document fabricant Yageo RC (hébergé DigiKey): famille RC0402, corps 1.0 x 0.5 mm, deux bornes non polarisées. Empreinte KiCad 0402 conservée; suffixe de commande et valeur issus du schéma, disponibilité non recontrôlée."
TP1,MCU.kicad_sch,SWDIO,,,PCB test pad,FC01_Project:MCU__TestPoint,TestPoint:TestPoint_Pad_1.0x1.0mm,1,1,PROJECT_PCB_FEATURE,Project design,"Pas de composant acheté: pastilles à souder, trou de montage, testpoint ou jumper. Correspondance symbole/pads contrôlée; contraintes mécaniques et usage à valider."
TP2,MCU.kicad_sch,SWCLK,,,PCB test pad,FC01_Project:MCU__TestPoint,TestPoint:TestPoint_Pad_1.0x1.0mm,1,1,PROJECT_PCB_FEATURE,Project design,"Pas de composant acheté: pastilles à souder, trou de montage, testpoint ou jumper. Correspondance symbole/pads contrôlée; contraintes mécaniques et usage à valider."
TP3,MCU.kicad_sch,+3V3_MCU,,,PCB test pad,FC01_Project:MCU__TestPoint,TestPoint:TestPoint_Pad_1.0x1.0mm,1,1,PROJECT_PCB_FEATURE,Project design,"Pas de composant acheté: pastilles à souder, trou de montage, testpoint ou jumper. Correspondance symbole/pads contrôlée; contraintes mécaniques et usage à valider."
TP4,MCU.kicad_sch,GND,,,PCB test pad,FC01_Project:MCU__TestPoint,TestPoint:TestPoint_Pad_1.0x1.0mm,1,1,PROJECT_PCB_FEATURE,Project design,"Pas de composant acheté: pastilles à souder, trou de montage, testpoint ou jumper. Correspondance symbole/pads contrôlée; contraintes mécaniques et usage à valider."
U1,H743_Ardupilot.kicad_sch,USBLC6-2P6,STMicroelectronics,USBLC6-2P6,"SOT-666, 1.6 x 1.6 x 0.55 mm",FC01_Project:H743_Ardupilot__USBLC6-2P6,USBLC6_2P6:SOT50P160X60-6N,1 2 3 4 5 6,1 2 3 4 5 6,ALTERNATIVE_LAND_REVIEWED,https://www.st.com/resource/en/datasheet/usblc6-2.pdf,"ST DS4260 Rev7, SOT-666 et pinout: 1/6 I/O1, 2 GND, 3/4 I/O2, 5 VBUS. Modèle fournisseur conservé: pads 0.75 x 0.35, pas 0.50, centres x±0.69 mm. Diffère du land pattern conseillé ST (0.99 x 0.30, x±0.805): validation assembleur requise; aucun remplacement par SOT-23."
U2,MCU.kicad_sch,STM32H743VIT6,STMicroelectronics,STM32H743VIT6,LQFP-100 14x14 mm P0.5,FC01_Project:MCU__STM32H743VITx,Package_QFP:LQFP-100_14x14mm_P0.5mm,1 2 3 4 5 6 7 8 9 10 11 12 13 14 15 16 17 18 19 20 21 22 23 24 25 26 27 28 29 30 31 32 33 34 35 36 37 38 39 40 41 42 43 44 45 46 47 48 49 50 51 52 53 54 55 56 57 58 59 60 61 62 63 64 65 66 67 68 69 70 71 72 73 74 75 76 77 78 79 80 81 82 83 84 85 86 87 88 89 90 91 92 93 94 95 96 97 98 99 100,1 2 3 4 5 6 7 8 9 10 11 12 13 14 15 16 17 18 19 20 21 22 23 24 25 26 27 28 29 30 31 32 33 34 35 36 37 38 39 40 41 42 43 44 45 46 47 48 49 50 51 52 53 54 55 56 57 58 59 60 61 62 63 64 65 66 67 68 69 70 71 72 73 74 75 76 77 78 79 80 81 82 83 84 85 86 87 88 89 90 91 92 93 94 95 96 97 98 99 100,PACKAGE_REVIEWED_STANDARD_LAND,https://www.st.com/resource/en/datasheet/stm32h743vi.pdf,"ST DS12110: variante V=100 broches, T=LQFP, corps 14 x 14, pas 0.5 mm. Symbole MCU existant conservé, liste exhaustive des pins exportée dans PINS.csv; fonctions multiplexées/firmware hors périmètre."
U3,POWER.kicad_sch,LMR43620R5RPER,Texas Instruments,LMR43620R5RPER,9-VQFN-HR 2x2 mm,FC01_Project:POWER__LMR43620R5RPER,H743_Custom:TI_RPE0009B_VQFN-HR-9_2x2mm,1 2 3 4 5 6 7 8 9,1 2 3 4 5 6 7 8 9,MANUFACTURER_LAND_REVIEWED,https://www.ti.com/lit/ds/symlink/lmr43620.pdf,"TI LMR43620, RPE0009B, land pattern p.51 du PDF consulté: VQFN-HR 9 broches 2 x 2 mm. Polygones cuivre et stencil existants conservés; les petites tailles anchor des pads custom ne représentent pas leur surface totale."
U4,POWER.kicad_sch,LMR604303SRAKRQ1,Texas Instruments,LMR604303SRAKRQ1,9-WQFN-HR 2.5x2.0 mm,FC01_Project:POWER__LMR604303SRAKRQ1,H743_Custom:TI_RAK0009A_WQFN-HR-9_2.5x2.0mm,1 2 3 4 5 6 7 8 9,1 2 3 4 5 6 7 8 9,MANUFACTURER_LAND_REVIEWED,https://www.ti.com/lit/ds/symlink/lmr60430-q1.pdf,"TI LMR60430-Q1 RevE, RAK0009A, land pattern p.44: WQFN-HR 9 broches 2.5 x 2.0 mm. Géométrie spécifique conservée; ne pas remplacer par QFN générique."
U5,POWER.kicad_sch,AP7361C-33FGE-7,Diodes Incorporated,AP7361C-33FGE-7,U-DFN3030-8 Type E; exposed pad 1.6 x 2.35 mm,FC01_Project:POWER__AP7361C-33FGE-7,H743_Custom:Diodes_U-DFN3030-8_TypeE,1 2 3 4 5 6 7 8 9,1 2 3 4 5 6 7 8 9,MANUFACTURER_LAND_CORRECTED,https://www.diodes.com/assets/Package-Files/U-DFN3030-8-Type-E.pdf,"AP7361C FGE = U-DFN3030-8 Type E. Pads périphériques 0.65 x 0.30, pas 0.65; EP9 1.60 x 2.35 mm. Stencil EP découpé en 4 fenêtres, couverture 64% (choix projet à qualifier). EP relié GND; pads NC conservés."
U6,POWER.kicad_sch,AP7361C-33FGE-7,Diodes Incorporated,AP7361C-33FGE-7,U-DFN3030-8 Type E; exposed pad 1.6 x 2.35 mm,FC01_Project:POWER__AP7361C-33FGE-7,H743_Custom:Diodes_U-DFN3030-8_TypeE,1 2 3 4 5 6 7 8 9,1 2 3 4 5 6 7 8 9,MANUFACTURER_LAND_CORRECTED,https://www.diodes.com/assets/Package-Files/U-DFN3030-8-Type-E.pdf,"AP7361C FGE = U-DFN3030-8 Type E. Pads périphériques 0.65 x 0.30, pas 0.65; EP9 1.60 x 2.35 mm. Stencil EP découpé en 4 fenêtres, couverture 64% (choix projet à qualifier). EP relié GND; pads NC conservés."
U7,CAN.kicad_sch,"TJA1051TK/3,118",NXP USA Inc.,"TJA1051TK/3,118",8-HVSON 3x3 EP,FC01_Project:CAN__TJA1051TK-3,Package_SON:HVSON-8-1EP_3x3mm_P0.65mm_EP1.6x2.4mm,1 2 3 4 5 6 7 8 9,1 2 3 4 5 6 7 8 9,PACKAGE_REVIEWED_STANDARD_LAND,https://www.nxp.com/docs/en/data-sheet/TJA1051.pdf,"NXP TJA1051 Rev9 pp.4,16: TK=SOT782 HVSON8+EP; variante /3 pin5 VIO. 1TXD 2GND 3VCC 4RXD 5VIO 6CANL 7CANH 8S; EP9 GND. Corps 3 x 3, pas 0.65 mm."
U8,CAN.kicad_sch,SM04B-GHS-TB(LF)(SN),JST,SM04B-GHS-TB(LF)(SN),"JST GH 4 contacts, P1.25 mm, side entry; mounting tabs pads 5/6",FC01_Project:CAN__JST_GH_SM04B_GHS_TB_4P,H743_Custom:JST_GH_SM04B-GHS-TB_1x04_P1.25mm_Horizontal_GNDtabs,1 2 3 4 5 6,1 2 3 4 5 6,MANUFACTURER_LAND_REVIEWED,https://www.jst-mfg.com/product/pdf/eng/eGH.pdf,JST GH p.1 et plan SM04B-GHS-TB: 4 contacts au pas 1.25 mm + 2 pattes mécaniques numérotées 5/6 dans le projet et reliées GND. Métadonnée Package corrigée de SH à GH.
U9,SENSORS.kicad_sch,BMI088,Bosch Sensortec,BMI088,LGA-16 4.5x3.0 mm P0.5,FC01_Project:SENSORS__BMI088,Package_LGA:Bosch_LGA-16_4.5x3mm_P0.5mm_LayoutBorder7x1y_ClockwisePinNumbering,1 2 3 4 5 6 7 8 9 10 11 12 13 14 15 16,1 2 3 4 5 6 7 8 9 10 11 12 13 14 15 16,PACKAGE_REVIEWED_STANDARD_LAND,https://www.bosch-sensortec.com/media/boschsensortec/downloads/datasheets/bst-bmi088-ds001.pdf,"Bosch BMI088 pp.54–55: LGA16 4.5 x 3 mm, pas 0.5; numérotation horaire spécifique Bosch. Empreinte Bosch KiCad conservée; ne pas utiliser LGA16 générique de sens inverse."
U10,SENSORS.kicad_sch,LSM6DSV16X,STMicroelectronics,LSM6DSV16XTR,LGA-14 2.5x3.0 mm P0.5,FC01_Project:SENSORS__LSM6DSV16X,Package_LGA:LGA-14_3x2.5mm_P0.5mm_LayoutBorder3x4y,1 2 3 4 5 6 7 8 9 10 11 12 13 14,1 2 3 4 5 6 7 8 9 10 11 12 13 14,ALTERNATIVE_LAND_REVIEWED,https://www.st.com/resource/en/datasheet/lsm6dsv16x.pdf,"ST LSM6DSV16X pp.9,175: LGA14 3 x 2.5 mm, pas 0.5. Numérotation et corps contrôlés, pads KiCad conservés; validation assemblage des extensions de pads requise."
U11,SENSORS.kicad_sch,ICM-45686,TDK InvenSense,ICM-45686,"14-VFLGA / 14-LGA, 2.5x3.0x0.81 mm",FC01_Project:SENSORS__ICM-45686,H743_Custom:TDK_ICM45686_LGA14_3x2.5mm,1 2 3 4 5 6 7 8 9 10 11 12 13 14,1 2 3 4 5 6 7 8 9 10 11 12 13 14,NEW_LAND_ASSEMBLY_REVIEW_REQUIRED,https://www.mouser.com/catalog/specsheets/TDK_DS_000577_ICM_45686.pdf,"TDK DS-000577 Rev1.0 pp.27–30,52–53: E=3.0 horizontal, D=2.5 vertical, pas 0.5. GND=6 et VDD=8 inchangés. Pads IPC étendus 0.625 x 0.35 dérivés du LGA14, pas un land pattern recommandé explicitement par TDK. 5 marqueurs NC réalignés sur les pins; placement PCB à terminer."
U12,SENSORS.kicad_sch,BMP581,Bosch Sensortec,BMP581,10-LGA 2.0x2.0 mm,FC01_Project:SENSORS__BMP581,H743_Custom:QFN10_BMP581_BOS,1 2 3 4 5 6 7 8 9 10,1 2 3 4 5 6 7 8 9 10,MANUFACTURER_LAND_CORRECTED,https://www.bosch-sensortec.com/media/boschsensortec/downloads/datasheets/bst-bmp581-ds004.pdf,"Bosch BMP581 DS004-13 pp.46,68–69: pads haut/bas corrigés à 0.300 x 0.325 mm (extension 25 um autour de la terminaison). Ouverture masque sous corps 2.2 x 2.2; recommandation Bosch sans solder mask sous capteur. Contrôle fab/assemblage nécessaire."
U13,SENSORS.kicad_sch,DPS368XTSA1,Infineon Technologies,DPS368XTSA1,PG-VLGA-8 2.5x2.0 mm,FC01_Project:SENSORS__DPS368XTSA1_1,H743_Custom:Infineon_DPS368_PG-VLGA-8-2,1 2 3 4 5 6 7 8,1 2 3 4 5 6 7 8,NEW_LAND_ASSEMBLY_REVIEW_REQUIRED,https://www.infineon.com/dgdl/Infineon-DPS368-DataSheet-v01_01-EN.pdf?fileId=5546d46269e1c019016a0c45105d4b40,"Infineon DPS368 v1.1 pp.6,40–41: PG-VLGA-8-2 2.5 x 2.0, pas 0.65, rangées 1.45. Fig.18: ouvertures masque carrées 0.35, stencil circulaire diamètre 0.35. Cuivre 0.45 carré et marge masque -0.05 sont un choix projet SMD; confirmer avec assembleur. Placement à terminer."
U14,MOTORS[1-4].kicad_sch,SM08B-SRSS-TB(LF)(SN),JST,SM08B-SRSS-TB(LF)(SN),"JST SH 8 contacts, P1.00 mm, side entry; mounting tabs pads 9/10",FC01_Project:MOTORS1-4__JST_SH_SM08B_SRSS_TB_8P,H743_Custom:JST_SH_SM08B-SRSS-TB_1x08_P1.00mm_Horizontal_GNDtabs,1 2 3 4 5 6 7 8 9 10,1 2 3 4 5 6 7 8 9 10,MANUFACTURER_LAND_CORRECTED,https://www.jst-mfg.com/product/pdf/eng/eSH.pdf,"JST SH SM08B-SRSS-TB, 8 contacts au pas 1.0 mm. Empreinte SM09B à 9 contacts remplacée par SM08B; tabs9/10 reliés GND selon symbole. Position et orientation PCB conservées."
USB1,H743_Ardupilot.kicad_sch,DX07S016JA1R1500,JAE Electronics,DX07S016JA1R1500,"USB Type-C receptacle, 16 contacts, right-angle SMT",FC01_Project:H743_Ardupilot__USB_C_Receptacle_USB2.0_16P_JAE_DX07S016JA1R1500,H743_Custom:JAE_DX07S016JA1R1500_16P,A1/B12 A4/B9 A5 A6 A7 A8 A12/B1 B4/A9 B5 B6 B7 B8 SH1 SH2 SH3 SH4 SH5 SH6,A1/B12 A4/B9 A5 A6 A7 A8 A12/B1 B4/A9 B5 B6 B7 B8 SH1 SH2 SH3 SH4 SH5 SH6,SUPPLIER_MODEL_REVIEWED_PRIMARY_DRAWING_PENDING,https://mm.digikey.com/Volume0/opasdata/d220001/medias/docus/7162/670_DX07S016JA1R1500.pdf,"JAE DX07S016JA1R1500: modèle fournisseur ZIP disponible et empreinte projet conservée. Fiche JAE consultée = résumé produit, pas plan coté complet. Groupes A1/B12, A12/B1, A4/B9, A9/B4 et shields projet à confronter au dessin de fabrication JAE avant libération."
Y1,MCU.kicad_sch,8MHz,Murata Electronics,CSTNE8M00GH5C000R0,3-SMD 3.2x1.3 mm,FC01_Project:MCU__Crystal_GND3_Small,H743_Custom:Murata_CSTNE_3.2x1.3_P1.2mm,1 2 3,1 2 3,MANUFACTURER_LAND_REVIEWED,https://www.murata.com/en/products/productdata/8801161773086/SPEC-CSTNE8M00GH5C000R0.pdf,"Murata JGC42-8858A p.3: CSTNE corps 3.2 x 1.3, pas1.2, pads0.4 x1.9 mm, pin2 GND. Empreinte locale ajoutée; placement PCB à terminer."
