Reference,Pin,Symbol_pin_name,PCB_net,No_connect,Library_pad_geometry_mm
C1,1,,+3V3_MCU,False,"[{""at"": [""-0.48"", ""0"", ""0""], ""size"": [""0.56"", ""0.62""], ""shape"": ""roundrect"", ""mask_margin"": """"}]"
C1,2,,GND,False,"[{""at"": [""0.48"", ""0"", ""0""], ""size"": [""0.56"", ""0.62""], ""shape"": ""roundrect"", ""mask_margin"": """"}]"
C2,1,,+3V3_MCU,False,"[{""at"": [""-0.48"", ""0"", ""0""], ""size"": [""0.56"", ""0.62""], ""shape"": ""roundrect"", ""mask_margin"": """"}]"
C2,2,,GND,False,"[{""at"": [""0.48"", ""0"", ""0""], ""size"": [""0.56"", ""0.62""], ""shape"": ""roundrect"", ""mask_margin"": """"}]"
C3,1,,/MCU/VDDA,False,"[{""at"": [""-0.48"", ""0"", ""0""], ""size"": [""0.56"", ""0.62""], ""shape"": ""roundrect"", ""mask_margin"": """"}]"
C3,2,,GND,False,"[{""at"": [""0.48"", ""0"", ""0""], ""size"": [""0.56"", ""0.62""], ""shape"": ""roundrect"", ""mask_margin"": """"}]"
C4,1,,+3V3_MCU,False,"[{""at"": [""-0.48"", ""0"", ""0""], ""size"": [""0.56"", ""0.62""], ""shape"": ""roundrect"", ""mask_margin"": """"}]"
C4,2,,GND,False,"[{""at"": [""0.48"", ""0"", ""0""], ""size"": [""0.56"", ""0.62""], ""shape"": ""roundrect"", ""mask_margin"": """"}]"
C5,1,,+3V3_MCU,False,"[{""at"": [""-0.48"", ""0"", ""0""], ""size"": [""0.56"", ""0.62""], ""shape"": ""roundrect"", ""mask_margin"": """"}]"
C5,2,,GND,False,"[{""at"": [""0.48"", ""0"", ""0""], ""size"": [""0.56"", ""0.62""], ""shape"": ""roundrect"", ""mask_margin"": """"}]"
C6,1,,+3V3_MCU,False,"[{""at"": [""-0.48"", ""0"", ""0""], ""size"": [""0.56"", ""0.62""], ""shape"": ""roundrect"", ""mask_margin"": """"}]"
C6,2,,GND,False,"[{""at"": [""0.48"", ""0"", ""0""], ""size"": [""0.56"", ""0.62""], ""shape"": ""roundrect"", ""mask_margin"": """"}]"
C7,1,,VCAP,False,"[{""at"": [""-0.48"", ""0"", ""0""], ""size"": [""0.56"", ""0.62""], ""shape"": ""roundrect"", ""mask_margin"": """"}]"
C7,2,,GND,False,"[{""at"": [""0.48"", ""0"", ""0""], ""size"": [""0.56"", ""0.62""], ""shape"": ""roundrect"", ""mask_margin"": """"}]"
C8,1,,+3V3_MCU,False,"[{""at"": [""-0.48"", ""0"", ""0""], ""size"": [""0.56"", ""0.62""], ""shape"": ""roundrect"", ""mask_margin"": """"}]"
C8,2,,GND,False,"[{""at"": [""0.48"", ""0"", ""0""], ""size"": [""0.56"", ""0.62""], ""shape"": ""roundrect"", ""mask_margin"": """"}]"
C9,1,,/MCU/NRST,False,"[{""at"": [""-0.48"", ""0"", ""0""], ""size"": [""0.56"", ""0.62""], ""shape"": ""roundrect"", ""mask_margin"": """"}]"
C9,2,,GND,False,"[{""at"": [""0.48"", ""0"", ""0""], ""size"": [""0.56"", ""0.62""], ""shape"": ""roundrect"", ""mask_margin"": """"}]"
C10,1,,VCAP,False,"[{""at"": [""-0.48"", ""0"", ""0""], ""size"": [""0.56"", ""0.62""], ""shape"": ""roundrect"", ""mask_margin"": """"}]"
C10,2,,GND,False,"[{""at"": [""0.48"", ""0"", ""0""], ""size"": [""0.56"", ""0.62""], ""shape"": ""roundrect"", ""mask_margin"": """"}]"
C11,1,,+3V3_MCU,False,"[{""at"": [""-0.48"", ""0"", ""0""], ""size"": [""0.56"", ""0.62""], ""shape"": ""roundrect"", ""mask_margin"": """"}]"
C11,2,,GND,False,"[{""at"": [""0.48"", ""0"", ""0""], ""size"": [""0.56"", ""0.62""], ""shape"": ""roundrect"", ""mask_margin"": """"}]"
C12,1,,+3V3_MCU,False,"[{""at"": [""-0.48"", ""0"", ""0""], ""size"": [""0.56"", ""0.62""], ""shape"": ""roundrect"", ""mask_margin"": """"}]"
C12,2,,GND,False,"[{""at"": [""0.48"", ""0"", ""0""], ""size"": [""0.56"", ""0.62""], ""shape"": ""roundrect"", ""mask_margin"": """"}]"
C13,1,,+3V3_MCU,False,"[{""at"": [""-0.48"", ""0"", ""0""], ""size"": [""0.56"", ""0.62""], ""shape"": ""roundrect"", ""mask_margin"": """"}]"
C13,2,,GND,False,"[{""at"": [""0.48"", ""0"", ""0""], ""size"": [""0.56"", ""0.62""], ""shape"": ""roundrect"", ""mask_margin"": """"}]"
C14,1,,/MCU/VDDA,False,"[{""at"": [""-0.48"", ""0"", ""0""], ""size"": [""0.56"", ""0.62""], ""shape"": ""roundrect"", ""mask_margin"": """"}]"
C14,2,,GND,False,"[{""at"": [""0.48"", ""0"", ""0""], ""size"": [""0.56"", ""0.62""], ""shape"": ""roundrect"", ""mask_margin"": """"}]"
C15,1,,/MCU/VDDA,False,"[{""at"": [""-0.48"", ""0"", ""0""], ""size"": [""0.56"", ""0.62""], ""shape"": ""roundrect"", ""mask_margin"": """"}]"
C15,2,,GND,False,"[{""at"": [""0.48"", ""0"", ""0""], ""size"": [""0.56"", ""0.62""], ""shape"": ""roundrect"", ""mask_margin"": """"}]"
C16,1,,VBAT,False,"[{""at"": [""-0.95"", ""0"", ""0.0""], ""size"": [""1"", ""1.45""], ""shape"": ""roundrect"", ""mask_margin"": """"}]"
C16,2,,GND,False,"[{""at"": [""0.95"", ""0"", ""0.0""], ""size"": [""1"", ""1.45""], ""shape"": ""roundrect"", ""mask_margin"": """"}]"
C17,1,,VBAT,False,"[{""at"": [""-0.48"", ""0"", ""0""], ""size"": [""0.56"", ""0.62""], ""shape"": ""roundrect"", ""mask_margin"": """"}]"
C17,2,,GND,False,"[{""at"": [""0.48"", ""0"", ""0""], ""size"": [""0.56"", ""0.62""], ""shape"": ""roundrect"", ""mask_margin"": """"}]"
C18,1,,VBAT,False,"[{""at"": [""-0.95"", ""0"", ""0.0""], ""size"": [""1"", ""1.45""], ""shape"": ""roundrect"", ""mask_margin"": """"}]"
C18,2,,GND,False,"[{""at"": [""0.95"", ""0"", ""0.0""], ""size"": [""1"", ""1.45""], ""shape"": ""roundrect"", ""mask_margin"": """"}]"
C19,1,,VBAT,False,"[{""at"": [""-0.48"", ""0"", ""0""], ""size"": [""0.56"", ""0.62""], ""shape"": ""roundrect"", ""mask_margin"": """"}]"
C19,2,,GND,False,"[{""at"": [""0.48"", ""0"", ""0""], ""size"": [""0.56"", ""0.62""], ""shape"": ""roundrect"", ""mask_margin"": """"}]"
C20,1,,Net-(U3-VCC),False,"[{""at"": [""-0.775"", ""0"", ""0""], ""size"": [""0.9"", ""0.95""], ""shape"": ""roundrect"", ""mask_margin"": """"}]"
C20,2,,GND,False,"[{""at"": [""0.775"", ""0"", ""0""], ""size"": [""0.9"", ""0.95""], ""shape"": ""roundrect"", ""mask_margin"": """"}]"
C21,1,,Net-(U3-BOOT),False,"[{""at"": [""-0.48"", ""0"", ""0""], ""size"": [""0.56"", ""0.62""], ""shape"": ""roundrect"", ""mask_margin"": """"}]"
C21,2,,/POWER/SW_5V,False,"[{""at"": [""0.48"", ""0"", ""0""], ""size"": [""0.56"", ""0.62""], ""shape"": ""roundrect"", ""mask_margin"": """"}]"
C22,1,,Net-(U4-BOOT),False,"[{""at"": [""-0.48"", ""0"", ""0""], ""size"": [""0.56"", ""0.62""], ""shape"": ""roundrect"", ""mask_margin"": """"}]"
C22,2,,/POWER/SW_9V,False,"[{""at"": [""0.48"", ""0"", ""0""], ""size"": [""0.56"", ""0.62""], ""shape"": ""roundrect"", ""mask_margin"": """"}]"
C23,1,,+5V,False,"[{""at"": [""-0.95"", ""0"", ""0.0""], ""size"": [""1"", ""1.45""], ""shape"": ""roundrect"", ""mask_margin"": """"}]"
C23,2,,GND,False,"[{""at"": [""0.95"", ""0"", ""0.0""], ""size"": [""1"", ""1.45""], ""shape"": ""roundrect"", ""mask_margin"": """"}]"
C24,1,,+5V,False,"[{""at"": [""-0.95"", ""0"", ""0.0""], ""size"": [""1"", ""1.45""], ""shape"": ""roundrect"", ""mask_margin"": """"}]"
C24,2,,GND,False,"[{""at"": [""0.95"", ""0"", ""0.0""], ""size"": [""1"", ""1.45""], ""shape"": ""roundrect"", ""mask_margin"": """"}]"
C25,1,,+5V,False,"[{""at"": [""-0.48"", ""0"", ""0""], ""size"": [""0.56"", ""0.62""], ""shape"": ""roundrect"", ""mask_margin"": """"}]"
C25,2,,GND,False,"[{""at"": [""0.48"", ""0"", ""0""], ""size"": [""0.56"", ""0.62""], ""shape"": ""roundrect"", ""mask_margin"": """"}]"
C26,1,,+9V,False,"[{""at"": [""-0.95"", ""0"", ""0.0""], ""size"": [""1"", ""1.45""], ""shape"": ""roundrect"", ""mask_margin"": """"}]"
C26,2,,GND,False,"[{""at"": [""0.95"", ""0"", ""0.0""], ""size"": [""1"", ""1.45""], ""shape"": ""roundrect"", ""mask_margin"": """"}]"
C27,1,,+9V,False,"[{""at"": [""-0.95"", ""0"", ""0.0""], ""size"": [""1"", ""1.45""], ""shape"": ""roundrect"", ""mask_margin"": """"}]"
C27,2,,GND,False,"[{""at"": [""0.95"", ""0"", ""0.0""], ""size"": [""1"", ""1.45""], ""shape"": ""roundrect"", ""mask_margin"": """"}]"
C28,1,,+9V,False,"[{""at"": [""-0.48"", ""0"", ""0""], ""size"": [""0.56"", ""0.62""], ""shape"": ""roundrect"", ""mask_margin"": """"}]"
C28,2,,GND,False,"[{""at"": [""0.48"", ""0"", ""0""], ""size"": [""0.56"", ""0.62""], ""shape"": ""roundrect"", ""mask_margin"": """"}]"
C29,1,,+5V_SYS,False,"[{""at"": [""-0.775"", ""0"", ""0""], ""size"": [""0.9"", ""0.95""], ""shape"": ""roundrect"", ""mask_margin"": """"}]"
C29,2,,GND,False,"[{""at"": [""0.775"", ""0"", ""0""], ""size"": [""0.9"", ""0.95""], ""shape"": ""roundrect"", ""mask_margin"": """"}]"
C30,1,,+5V_SYS,False,"[{""at"": [""-0.775"", ""0"", ""0""], ""size"": [""0.9"", ""0.95""], ""shape"": ""roundrect"", ""mask_margin"": """"}]"
C30,2,,GND,False,"[{""at"": [""0.775"", ""0"", ""0""], ""size"": [""0.9"", ""0.95""], ""shape"": ""roundrect"", ""mask_margin"": """"}]"
C31,1,,+3V3_MCU,False,"[{""at"": [""-0.775"", ""0"", ""0""], ""size"": [""0.9"", ""0.95""], ""shape"": ""roundrect"", ""mask_margin"": """"}]"
C31,2,,GND,False,"[{""at"": [""0.775"", ""0"", ""0""], ""size"": [""0.9"", ""0.95""], ""shape"": ""roundrect"", ""mask_margin"": """"}]"
C32,1,,+3V3_SENS,False,"[{""at"": [""-0.775"", ""0"", ""0""], ""size"": [""0.9"", ""0.95""], ""shape"": ""roundrect"", ""mask_margin"": """"}]"
C32,2,,GND,False,"[{""at"": [""0.775"", ""0"", ""0""], ""size"": [""0.9"", ""0.95""], ""shape"": ""roundrect"", ""mask_margin"": """"}]"
C33,1,,/ANALOG_SENS/ADC_VBAT1,False,"[{""at"": [""-0.48"", ""0"", ""0""], ""size"": [""0.56"", ""0.62""], ""shape"": ""roundrect"", ""mask_margin"": """"}]"
C33,2,,GND,False,"[{""at"": [""0.48"", ""0"", ""0""], ""size"": [""0.56"", ""0.62""], ""shape"": ""roundrect"", ""mask_margin"": """"}]"
C34,1,,/ANALOG_SENS/ADC_AIRSPEED,False,"[{""at"": [""-0.48"", ""0"", ""0""], ""size"": [""0.56"", ""0.62""], ""shape"": ""roundrect"", ""mask_margin"": """"}]"
C34,2,,GND,False,"[{""at"": [""0.48"", ""0"", ""0""], ""size"": [""0.56"", ""0.62""], ""shape"": ""roundrect"", ""mask_margin"": """"}]"
C35,1,,/ANALOG_SENS/ADC_VBAT1,False,"[{""at"": [""-0.48"", ""0"", ""0""], ""size"": [""0.56"", ""0.62""], ""shape"": ""roundrect"", ""mask_margin"": """"}]"
C35,2,,GND,False,"[{""at"": [""0.48"", ""0"", ""0""], ""size"": [""0.56"", ""0.62""], ""shape"": ""roundrect"", ""mask_margin"": """"}]"
C36,1,,+5V,False,"[{""at"": [""-0.48"", ""0"", ""0""], ""size"": [""0.56"", ""0.62""], ""shape"": ""roundrect"", ""mask_margin"": """"}]"
C36,2,,GND,False,"[{""at"": [""0.48"", ""0"", ""0""], ""size"": [""0.56"", ""0.62""], ""shape"": ""roundrect"", ""mask_margin"": """"}]"
C37,1,,+9V,False,"[{""at"": [""-0.95"", ""0"", ""0.0""], ""size"": [""1"", ""1.45""], ""shape"": ""roundrect"", ""mask_margin"": """"}]"
C37,2,,GND,False,"[{""at"": [""0.95"", ""0"", ""0.0""], ""size"": [""1"", ""1.45""], ""shape"": ""roundrect"", ""mask_margin"": """"}]"
C38,1,,+5V,False,"[{""at"": [""-0.48"", ""0"", ""0""], ""size"": [""0.56"", ""0.62""], ""shape"": ""roundrect"", ""mask_margin"": """"}]"
C38,2,,GND,False,"[{""at"": [""0.48"", ""0"", ""0""], ""size"": [""0.56"", ""0.62""], ""shape"": ""roundrect"", ""mask_margin"": """"}]"
C39,1,,+5V_SYS,False,"[{""at"": [""-0.48"", ""0"", ""0""], ""size"": [""0.56"", ""0.62""], ""shape"": ""roundrect"", ""mask_margin"": """"}]"
C39,2,,GND,False,"[{""at"": [""0.48"", ""0"", ""0""], ""size"": [""0.56"", ""0.62""], ""shape"": ""roundrect"", ""mask_margin"": """"}]"
C40,1,,+5V_SYS,False,"[{""at"": [""-0.48"", ""0"", ""0""], ""size"": [""0.56"", ""0.62""], ""shape"": ""roundrect"", ""mask_margin"": """"}]"
C40,2,,GND,False,"[{""at"": [""0.48"", ""0"", ""0""], ""size"": [""0.56"", ""0.62""], ""shape"": ""roundrect"", ""mask_margin"": """"}]"
C41,1,,+5V,False,"[{""at"": [""-0.48"", ""0"", ""0""], ""size"": [""0.56"", ""0.62""], ""shape"": ""roundrect"", ""mask_margin"": """"}]"
C41,2,,GND,False,"[{""at"": [""0.48"", ""0"", ""0""], ""size"": [""0.56"", ""0.62""], ""shape"": ""roundrect"", ""mask_margin"": """"}]"
C42,1,,+3V3_MCU,False,"[{""at"": [""-0.48"", ""0"", ""0""], ""size"": [""0.56"", ""0.62""], ""shape"": ""roundrect"", ""mask_margin"": """"}]"
C42,2,,GND,False,"[{""at"": [""0.48"", ""0"", ""0""], ""size"": [""0.56"", ""0.62""], ""shape"": ""roundrect"", ""mask_margin"": """"}]"
C43,1,,+5V_SYS,False,"[{""at"": [""-0.48"", ""0"", ""0""], ""size"": [""0.56"", ""0.62""], ""shape"": ""roundrect"", ""mask_margin"": """"}]"
C43,2,,GND,False,"[{""at"": [""0.48"", ""0"", ""0""], ""size"": [""0.56"", ""0.62""], ""shape"": ""roundrect"", ""mask_margin"": """"}]"
C44,1,,+3V3_SENS,False,"[{""at"": [""-0.48"", ""0"", ""0""], ""size"": [""0.56"", ""0.62""], ""shape"": ""roundrect"", ""mask_margin"": """"}]"
C44,2,,GND,False,"[{""at"": [""0.48"", ""0"", ""0""], ""size"": [""0.56"", ""0.62""], ""shape"": ""roundrect"", ""mask_margin"": """"}]"
C45,1,,+3V3_SENS,False,"[{""at"": [""-0.48"", ""0"", ""0""], ""size"": [""0.56"", ""0.62""], ""shape"": ""roundrect"", ""mask_margin"": """"}]"
C45,2,,GND,False,"[{""at"": [""0.48"", ""0"", ""0""], ""size"": [""0.56"", ""0.62""], ""shape"": ""roundrect"", ""mask_margin"": """"}]"
C46,1,,+3V3_SENS,False,"[{""at"": [""-0.48"", ""0"", ""0""], ""size"": [""0.56"", ""0.62""], ""shape"": ""roundrect"", ""mask_margin"": """"}]"
C46,2,,GND,False,"[{""at"": [""0.48"", ""0"", ""0""], ""size"": [""0.56"", ""0.62""], ""shape"": ""roundrect"", ""mask_margin"": """"}]"
C47,1,,+3V3_SENS,False,"[{""at"": [""-0.48"", ""0"", ""0""], ""size"": [""0.56"", ""0.62""], ""shape"": ""roundrect"", ""mask_margin"": """"}]"
C47,2,,GND,False,"[{""at"": [""0.48"", ""0"", ""0""], ""size"": [""0.56"", ""0.62""], ""shape"": ""roundrect"", ""mask_margin"": """"}]"
C48,1,,+3V3_SENS,False,"[{""at"": [""-0.48"", ""0"", ""0""], ""size"": [""0.56"", ""0.62""], ""shape"": ""roundrect"", ""mask_margin"": """"}]"
C48,2,,GND,False,"[{""at"": [""0.48"", ""0"", ""0""], ""size"": [""0.56"", ""0.62""], ""shape"": ""roundrect"", ""mask_margin"": """"}]"
C49,1,,+3V3_SENS,False,"[{""at"": [""-0.48"", ""0"", ""0""], ""size"": [""0.56"", ""0.62""], ""shape"": ""roundrect"", ""mask_margin"": """"}]"
C49,2,,GND,False,"[{""at"": [""0.48"", ""0"", ""0""], ""size"": [""0.56"", ""0.62""], ""shape"": ""roundrect"", ""mask_margin"": """"}]"
C50,1,,+3V3_MCU,False,"[{""at"": [""-0.48"", ""0"", ""0""], ""size"": [""0.56"", ""0.62""], ""shape"": ""roundrect"", ""mask_margin"": """"}]"
C50,2,,GND,False,"[{""at"": [""0.48"", ""0"", ""0""], ""size"": [""0.56"", ""0.62""], ""shape"": ""roundrect"", ""mask_margin"": """"}]"
C51,1,,+3V3_MCU,False,"[{""at"": [""-0.48"", ""0"", ""0""], ""size"": [""0.56"", ""0.62""], ""shape"": ""roundrect"", ""mask_margin"": """"}]"
C51,2,,GND,False,"[{""at"": [""0.48"", ""0"", ""0""], ""size"": [""0.56"", ""0.62""], ""shape"": ""roundrect"", ""mask_margin"": """"}]"
C52,1,,+3V3_MCU,False,"[{""at"": [""-0.48"", ""0"", ""0""], ""size"": [""0.56"", ""0.62""], ""shape"": ""roundrect"", ""mask_margin"": """"}]"
C52,2,,GND,False,"[{""at"": [""0.48"", ""0"", ""0""], ""size"": [""0.56"", ""0.62""], ""shape"": ""roundrect"", ""mask_margin"": """"}]"
C53,1,,+3V3_MCU,False,"[{""at"": [""-0.48"", ""0"", ""0""], ""size"": [""0.56"", ""0.62""], ""shape"": ""roundrect"", ""mask_margin"": """"}]"
C53,2,,GND,False,"[{""at"": [""0.48"", ""0"", ""0""], ""size"": [""0.56"", ""0.62""], ""shape"": ""roundrect"", ""mask_margin"": """"}]"
C54,1,,+3V3_MCU,False,"[{""at"": [""-0.48"", ""0"", ""0""], ""size"": [""0.56"", ""0.62""], ""shape"": ""roundrect"", ""mask_margin"": """"}]"
C54,2,,GND,False,"[{""at"": [""0.48"", ""0"", ""0""], ""size"": [""0.56"", ""0.62""], ""shape"": ""roundrect"", ""mask_margin"": """"}]"
C55,1,,+3V3_SENS,False,"[{""at"": [""-0.48"", ""0"", ""0""], ""size"": [""0.56"", ""0.62""], ""shape"": ""roundrect"", ""mask_margin"": """"}]"
C55,2,,GND,False,"[{""at"": [""0.48"", ""0"", ""0""], ""size"": [""0.56"", ""0.62""], ""shape"": ""roundrect"", ""mask_margin"": """"}]"
C56,1,,+3V3_SENS,False,"[{""at"": [""-0.48"", ""0"", ""0""], ""size"": [""0.56"", ""0.62""], ""shape"": ""roundrect"", ""mask_margin"": """"}]"
C56,2,,GND,False,"[{""at"": [""0.48"", ""0"", ""0""], ""size"": [""0.56"", ""0.62""], ""shape"": ""roundrect"", ""mask_margin"": """"}]"
C57,1,,+3V3_MCU,False,"[{""at"": [""-0.48"", ""0"", ""0""], ""size"": [""0.56"", ""0.62""], ""shape"": ""roundrect"", ""mask_margin"": """"}]"
C57,2,,GND,False,"[{""at"": [""0.48"", ""0"", ""0""], ""size"": [""0.56"", ""0.62""], ""shape"": ""roundrect"", ""mask_margin"": """"}]"
C58,1,,+3V3_MCU,False,"[{""at"": [""-0.48"", ""0"", ""0""], ""size"": [""0.56"", ""0.62""], ""shape"": ""roundrect"", ""mask_margin"": """"}]"
C58,2,,GND,False,"[{""at"": [""0.48"", ""0"", ""0""], ""size"": [""0.56"", ""0.62""], ""shape"": ""roundrect"", ""mask_margin"": """"}]"
D1,1,BK,GND,False,"[{""at"": [""-0.7"", ""-0.75""], ""size"": [""0.6"", ""0.5""], ""shape"": ""rect"", ""mask_margin"": """"}]"
D1,2,RK,GND,False,"[{""at"": [""-0.7"", ""0""], ""size"": [""0.6"", ""0.6""], ""shape"": ""rect"", ""mask_margin"": """"}]"
D1,3,GK,GND,False,"[{""at"": [""-0.7"", ""0.75""], ""size"": [""0.6"", ""0.5""], ""shape"": ""rect"", ""mask_margin"": """"}]"
D1,4,BA,Net-(D1-BA),False,"[{""at"": [""0.7"", ""-0.75""], ""size"": [""0.6"", ""0.5""], ""shape"": ""rect"", ""mask_margin"": """"}]"
D1,5,RA,Net-(D1-GA),False,"[{""at"": [""0.7"", ""0""], ""size"": [""0.6"", ""0.6""], ""shape"": ""rect"", ""mask_margin"": """"}]"
D1,6,GA,Net-(D1-RA),False,"[{""at"": [""0.7"", ""0.75""], ""size"": [""0.6"", ""0.5""], ""shape"": ""rect"", ""mask_margin"": """"}]"
D2,1,A1,GND,False,"[{""at"": [""-2"", ""0""], ""size"": [""2.5"", ""1.7""], ""shape"": ""rect"", ""mask_margin"": """"}]"
D2,2,A2,VBAT,False,"[{""at"": [""2"", ""0""], ""size"": [""2.5"", ""1.7""], ""shape"": ""rect"", ""mask_margin"": """"}]"
D3,1,K,+5V_SYS,False,"[{""at"": [""-1.4"", ""-0.0"", ""-360.0""], ""size"": [""1.2"", ""1.2""], ""shape"": ""rect"", ""mask_margin"": """"}]"
D3,2,A,+5V,False,"[{""at"": [""1.4"", ""-0.0"", ""-360.0""], ""size"": [""1.2"", ""1.2""], ""shape"": ""rect"", ""mask_margin"": """"}]"
D4,1,K,+5V_SYS,False,"[{""at"": [""-1.65"", ""-0.0"", ""0.0""], ""size"": [""0.9"", ""1.2""], ""shape"": ""roundrect"", ""mask_margin"": """"}]"
D4,2,A,VBUS,False,"[{""at"": [""1.65"", ""-0.0"", ""0.0""], ""size"": [""0.9"", ""1.2""], ""shape"": ""roundrect"", ""mask_margin"": """"}]"
D5,1,K1,/CAN/CAN1_H,False,"[{""at"": [""-0.9375"", ""-0.95"", ""0""], ""size"": [""1.475"", ""0.6""], ""shape"": ""roundrect"", ""mask_margin"": """"}]"
D5,2,K2,/CAN/CAN1_L,False,"[{""at"": [""-0.9375"", ""0.95"", ""0""], ""size"": [""1.475"", ""0.6""], ""shape"": ""roundrect"", ""mask_margin"": """"}]"
D5,3,CC,GND,False,"[{""at"": [""0.9375"", ""0"", ""0""], ""size"": [""1.475"", ""0.6""], ""shape"": ""roundrect"", ""mask_margin"": """"}]"
FB1,1,,/MCU/VDDA,False,"[{""at"": [""-0.485"", ""0"", ""0""], ""size"": [""0.59"", ""0.64""], ""shape"": ""roundrect"", ""mask_margin"": """"}]"
FB1,2,,+3V3_MCU,False,"[{""at"": [""0.485"", ""0"", ""0""], ""size"": [""0.59"", ""0.64""], ""shape"": ""roundrect"", ""mask_margin"": """"}]"
H1,1,1,GND,False,"[{""at"": [""0"", ""0"", ""0""], ""size"": [""5.7"", ""5.7""], ""shape"": ""circle"", ""mask_margin"": """"}]"
H2,1,1,GND,False,"[{""at"": [""0"", ""0"", ""0""], ""size"": [""5.7"", ""5.7""], ""shape"": ""circle"", ""mask_margin"": """"}]"
H3,1,1,GND,False,"[{""at"": [""0"", ""0"", ""0""], ""size"": [""5.7"", ""5.7""], ""shape"": ""circle"", ""mask_margin"": """"}]"
H4,1,1,GND,False,"[{""at"": [""0"", ""0"", ""0""], ""size"": [""5.7"", ""5.7""], ""shape"": ""circle"", ""mask_margin"": """"}]"
J1,1,Pin_1,/ANALOG_SENS/AIRSPEED_Sensor,False,"[{""at"": [""-3.81"", ""0""], ""size"": [""1"", ""1""], ""shape"": ""rect"", ""mask_margin"": """"}]"
J1,2,Pin_2,GND,False,"[{""at"": [""-1.27"", ""0""], ""size"": [""1"", ""1""], ""shape"": ""rect"", ""mask_margin"": """"}]"
J1,3,Pin_3,GND,False,"[{""at"": [""1.27"", ""0""], ""size"": [""1"", ""1""], ""shape"": ""rect"", ""mask_margin"": """"}]"
J1,4,Pin_4,/ANALOG_SENS/Vbat2_Sensor,False,"[{""at"": [""3.81"", ""0""], ""size"": [""1"", ""1""], ""shape"": ""rect"", ""mask_margin"": """"}]"
J2,1,Pin_1,GND,False,"[{""at"": [""-3.81"", ""0""], ""size"": [""1"", ""1""], ""shape"": ""rect"", ""mask_margin"": """"}]"
J2,2,Pin_2,+5V,False,"[{""at"": [""-1.27"", ""0""], ""size"": [""1"", ""1""], ""shape"": ""rect"", ""mask_margin"": """"}]"
J2,3,Pin_3,Net-(J2-Pin_3),False,"[{""at"": [""1.27"", ""0""], ""size"": [""1"", ""1""], ""shape"": ""rect"", ""mask_margin"": """"}]"
J2,4,Pin_4,Net-(J2-Pin_4),False,"[{""at"": [""3.81"", ""0""], ""size"": [""1"", ""1""], ""shape"": ""rect"", ""mask_margin"": """"}]"
J3,1,Pin_1,+9V,False,"[{""at"": [""-3.81"", ""0""], ""size"": [""1"", ""1""], ""shape"": ""rect"", ""mask_margin"": """"}]"
J3,2,Pin_2,GND,False,"[{""at"": [""-1.27"", ""0""], ""size"": [""1"", ""1""], ""shape"": ""rect"", ""mask_margin"": """"}]"
J3,3,Pin_3,Net-(J3-Pin_3),False,"[{""at"": [""1.27"", ""0""], ""size"": [""1"", ""1""], ""shape"": ""rect"", ""mask_margin"": """"}]"
J3,4,Pin_4,Net-(J3-Pin_4),False,"[{""at"": [""3.81"", ""0""], ""size"": [""1"", ""1""], ""shape"": ""rect"", ""mask_margin"": """"}]"
J4,1,Pin_1,Net-(J4-Pin_1),False,"[{""at"": [""-6.35"", ""0""], ""size"": [""1"", ""1""], ""shape"": ""rect"", ""mask_margin"": """"}]"
J4,2,Pin_2,Net-(J4-Pin_2),False,"[{""at"": [""-3.81"", ""0""], ""size"": [""1"", ""1""], ""shape"": ""rect"", ""mask_margin"": """"}]"
J4,3,Pin_3,GND,False,"[{""at"": [""-1.27"", ""0""], ""size"": [""1"", ""1""], ""shape"": ""rect"", ""mask_margin"": """"}]"
J4,4,Pin_4,+5V,False,"[{""at"": [""1.27"", ""0""], ""size"": [""1"", ""1""], ""shape"": ""rect"", ""mask_margin"": """"}]"
J4,5,Pin_5,Net-(J4-Pin_5),False,"[{""at"": [""3.81"", ""0""], ""size"": [""1"", ""1""], ""shape"": ""rect"", ""mask_margin"": """"}]"
J4,6,Pin_6,Net-(J4-Pin_6),False,"[{""at"": [""6.35"", ""0""], ""size"": [""1"", ""1""], ""shape"": ""rect"", ""mask_margin"": """"}]"
J5,1,Pin_1,GND,False,"[{""at"": [""-3.81"", ""0""], ""size"": [""1"", ""1""], ""shape"": ""rect"", ""mask_margin"": """"}]"
J5,2,Pin_2,+5V_SYS,False,"[{""at"": [""-1.27"", ""0""], ""size"": [""1"", ""1""], ""shape"": ""rect"", ""mask_margin"": """"}]"
J5,3,Pin_3,Net-(J5-Pin_3),False,"[{""at"": [""1.27"", ""0""], ""size"": [""1"", ""1""], ""shape"": ""rect"", ""mask_margin"": """"}]"
J5,4,Pin_4,Net-(J5-Pin_4),False,"[{""at"": [""3.81"", ""0""], ""size"": [""1"", ""1""], ""shape"": ""rect"", ""mask_margin"": """"}]"
J6,1,Pin_1,GND,False,"[{""at"": [""-3.81"", ""0""], ""size"": [""1"", ""1""], ""shape"": ""rect"", ""mask_margin"": """"}]"
J6,2,Pin_2,+5V_SYS,False,"[{""at"": [""-1.27"", ""0""], ""size"": [""1"", ""1""], ""shape"": ""rect"", ""mask_margin"": """"}]"
J6,3,Pin_3,Net-(J6-Pin_3),False,"[{""at"": [""1.27"", ""0""], ""size"": [""1"", ""1""], ""shape"": ""rect"", ""mask_margin"": """"}]"
J6,4,Pin_4,Net-(J6-Pin_4),False,"[{""at"": [""3.81"", ""0""], ""size"": [""1"", ""1""], ""shape"": ""rect"", ""mask_margin"": """"}]"
J7,1,Pin_1,GND,False,"[{""at"": [""-3.81"", ""0""], ""size"": [""1"", ""1""], ""shape"": ""rect"", ""mask_margin"": """"}]"
J7,2,Pin_2,+5V,False,"[{""at"": [""-1.27"", ""0""], ""size"": [""1"", ""1""], ""shape"": ""rect"", ""mask_margin"": """"}]"
J7,3,Pin_3,Net-(J7-Pin_3),False,"[{""at"": [""1.27"", ""0""], ""size"": [""1"", ""1""], ""shape"": ""rect"", ""mask_margin"": """"}]"
J7,4,Pin_4,Net-(J7-Pin_4),False,"[{""at"": [""3.81"", ""0""], ""size"": [""1"", ""1""], ""shape"": ""rect"", ""mask_margin"": """"}]"
J8,1,Pin_1,+5V_SYS,False,"[{""at"": [""-3.81"", ""0""], ""size"": [""1"", ""1""], ""shape"": ""rect"", ""mask_margin"": """"}]"
J8,2,Pin_2,GND,False,"[{""at"": [""-1.27"", ""0""], ""size"": [""1"", ""1""], ""shape"": ""rect"", ""mask_margin"": """"}]"
J8,3,Pin_3,/SENSORS/I2C1.SDA,False,"[{""at"": [""1.27"", ""0""], ""size"": [""1"", ""1""], ""shape"": ""rect"", ""mask_margin"": """"}]"
J8,4,Pin_4,/SENSORS/I2C1.SCL,False,"[{""at"": [""3.81"", ""0""], ""size"": [""1"", ""1""], ""shape"": ""rect"", ""mask_margin"": """"}]"
J9,1,Pin_1,+5V_SYS,False,"[{""at"": [""-3.81"", ""0""], ""size"": [""1"", ""1""], ""shape"": ""rect"", ""mask_margin"": """"}]"
J9,2,Pin_2,GND,False,"[{""at"": [""-1.27"", ""0""], ""size"": [""1"", ""1""], ""shape"": ""rect"", ""mask_margin"": """"}]"
J9,3,Pin_3,/SENSORS/I2C2.SDA,False,"[{""at"": [""1.27"", ""0""], ""size"": [""1"", ""1""], ""shape"": ""rect"", ""mask_margin"": """"}]"
J9,4,Pin_4,/SENSORS/I2C2.SCL,False,"[{""at"": [""3.81"", ""0""], ""size"": [""1"", ""1""], ""shape"": ""rect"", ""mask_margin"": """"}]"
J10,1,Pin_1,GND,False,"[{""at"": [""-2.54"", ""0""], ""size"": [""1"", ""1""], ""shape"": ""rect"", ""mask_margin"": """"}]"
J10,2,Pin_2,+5V_SYS,False,"[{""at"": [""0"", ""0""], ""size"": [""1"", ""1""], ""shape"": ""rect"", ""mask_margin"": """"}]"
J10,3,Pin_3,/BUZZER/LED_STRIP,False,"[{""at"": [""2.54"", ""0""], ""size"": [""1"", ""1""], ""shape"": ""rect"", ""mask_margin"": """"}]"
J11,1,Pin_1,GND,False,"[{""at"": [""-2.54"", ""0""], ""size"": [""1"", ""1""], ""shape"": ""rect"", ""mask_margin"": """"}]"
J11,2,Pin_2,+5V_SYS,False,"[{""at"": [""0"", ""0""], ""size"": [""1"", ""1""], ""shape"": ""rect"", ""mask_margin"": """"}]"
J11,3,Pin_3,/BUZZER/BUZZ_PAD-,False,"[{""at"": [""2.54"", ""0""], ""size"": [""1"", ""1""], ""shape"": ""rect"", ""mask_margin"": """"}]"
J12,1,DAT2,/MICRO_SD/SDIO.D2,False,"[{""at"": [""3.85"", ""1.325""], ""size"": [""0.60"", ""1.25""], ""shape"": ""rect"", ""mask_margin"": """"}]"
J12,2,DAT3/CD,/MICRO_SD/SDIO.D3,False,"[{""at"": [""2.75"", ""1.325""], ""size"": [""0.60"", ""1.25""], ""shape"": ""rect"", ""mask_margin"": """"}]"
J12,3,CMD,/MICRO_SD/SDIO.CMD,False,"[{""at"": [""1.65"", ""1.325""], ""size"": [""0.60"", ""1.25""], ""shape"": ""rect"", ""mask_margin"": """"}]"
J12,4,VDD,+3V3_MCU,False,"[{""at"": [""0.55"", ""1.325""], ""size"": [""0.60"", ""1.25""], ""shape"": ""rect"", ""mask_margin"": """"}]"
J12,5,CLK,/MICRO_SD/SDIO.CK,False,"[{""at"": [""-0.55"", ""1.325""], ""size"": [""0.60"", ""1.25""], ""shape"": ""rect"", ""mask_margin"": """"}]"
J12,6,VSS,GND,False,"[{""at"": [""-1.65"", ""1.325""], ""size"": [""0.60"", ""1.25""], ""shape"": ""rect"", ""mask_margin"": """"}]"
J12,7,DAT0,/MICRO_SD/SDIO.D0,False,"[{""at"": [""-2.75"", ""1.325""], ""size"": [""0.60"", ""1.25""], ""shape"": ""rect"", ""mask_margin"": """"}]"
J12,8,DAT1,/MICRO_SD/SDIO.D1,False,"[{""at"": [""-3.85"", ""1.325""], ""size"": [""0.60"", ""1.25""], ""shape"": ""rect"", ""mask_margin"": """"}]"
J12,9,CD1,GND,False,"[{""at"": [""4.775"", ""5.315""], ""size"": [""0.95"", ""0.85""], ""shape"": ""rect"", ""mask_margin"": """"}]"
J12,10,CD2,GND,False,"[{""at"": [""5.70"", ""4.30""], ""size"": [""1.00"", ""0.60""], ""shape"": ""rect"", ""mask_margin"": """"}]"
J13,1,Pin_1,+5V_SYS,False,"[{""at"": [""-3.81"", ""0""], ""size"": [""1"", ""1""], ""shape"": ""rect"", ""mask_margin"": """"}]"
J13,2,Pin_2,/CAN/CAN1_H,False,"[{""at"": [""-1.27"", ""0""], ""size"": [""1"", ""1""], ""shape"": ""rect"", ""mask_margin"": """"}]"
J13,3,Pin_3,/CAN/CAN1_L,False,"[{""at"": [""1.27"", ""0""], ""size"": [""1"", ""1""], ""shape"": ""rect"", ""mask_margin"": """"}]"
J13,4,Pin_4,GND,False,"[{""at"": [""3.81"", ""0""], ""size"": [""1"", ""1""], ""shape"": ""rect"", ""mask_margin"": """"}]"
J14,1,Pin_1,+5V_SYS,False,"[{""at"": [""-3.81"", ""0""], ""size"": [""1"", ""1""], ""shape"": ""rect"", ""mask_margin"": """"}]"
J14,2,Pin_2,/CAN/CAN1_H,False,"[{""at"": [""-1.27"", ""0""], ""size"": [""1"", ""1""], ""shape"": ""rect"", ""mask_margin"": """"}]"
J14,3,Pin_3,/CAN/CAN1_L,False,"[{""at"": [""1.27"", ""0""], ""size"": [""1"", ""1""], ""shape"": ""rect"", ""mask_margin"": """"}]"
J14,4,Pin_4,GND,False,"[{""at"": [""3.81"", ""0""], ""size"": [""1"", ""1""], ""shape"": ""rect"", ""mask_margin"": """"}]"
JP1,1,A,/MCU/BOOT0,False,"[{""at"": [""-0.65"", ""0"", ""0""], ""size"": [""1"", ""0.5""], ""shape"": ""custom"", ""mask_margin"": """"}]"
JP1,2,B,+3V3_MCU,False,"[{""at"": [""0.65"", ""0"", ""0""], ""size"": [""1"", ""0.5""], ""shape"": ""custom"", ""mask_margin"": """"}]"
L1,1,1,/POWER/SW_5V,False,"[{""at"": [""-1.185"", ""0""], ""size"": [""0.98"", ""3.40""], ""shape"": ""rect"", ""mask_margin"": """"}]"
L1,2,2,+5V,False,"[{""at"": [""1.185"", ""0""], ""size"": [""0.98"", ""3.40""], ""shape"": ""rect"", ""mask_margin"": """"}]"
L2,1,1,/POWER/SW_9V,False,"[{""at"": [""-1.185"", ""0""], ""size"": [""0.98"", ""3.40""], ""shape"": ""rect"", ""mask_margin"": """"}]"
L2,2,2,+9V,False,"[{""at"": [""1.185"", ""0""], ""size"": [""0.98"", ""3.40""], ""shape"": ""rect"", ""mask_margin"": """"}]"
Q1,1,G,Net-(Q1-G),False,"[{""at"": [""-0.9375"", ""-0.95"", ""0""], ""size"": [""1.475"", ""0.6""], ""shape"": ""roundrect"", ""mask_margin"": """"}]"
Q1,2,S,GND,False,"[{""at"": [""-0.9375"", ""0.95"", ""0""], ""size"": [""1.475"", ""0.6""], ""shape"": ""roundrect"", ""mask_margin"": """"}]"
Q1,3,D,/BUZZER/BUZZ_PAD-,False,"[{""at"": [""0.9375"", ""0"", ""0""], ""size"": [""1.475"", ""0.6""], ""shape"": ""roundrect"", ""mask_margin"": """"}]"
R1,1,,Net-(USB1-CC1),False,"[{""at"": [""-0.51"", ""0"", ""0""], ""size"": [""0.54"", ""0.64""], ""shape"": ""roundrect"", ""mask_margin"": """"}]"
R1,2,,GND,False,"[{""at"": [""0.51"", ""0"", ""0""], ""size"": [""0.54"", ""0.64""], ""shape"": ""roundrect"", ""mask_margin"": """"}]"
R2,1,,Net-(USB1-CC2),False,"[{""at"": [""-0.51"", ""0"", ""0""], ""size"": [""0.54"", ""0.64""], ""shape"": ""roundrect"", ""mask_margin"": """"}]"
R2,2,,GND,False,"[{""at"": [""0.51"", ""0"", ""0""], ""size"": [""0.54"", ""0.64""], ""shape"": ""roundrect"", ""mask_margin"": """"}]"
R3,1,,Net-(D1-BA),False,"[{""at"": [""-0.51"", ""0"", ""0""], ""size"": [""0.54"", ""0.64""], ""shape"": ""roundrect"", ""mask_margin"": """"}]"
R3,2,,/MCU/LED0,False,"[{""at"": [""0.51"", ""0"", ""0""], ""size"": [""0.54"", ""0.64""], ""shape"": ""roundrect"", ""mask_margin"": """"}]"
R4,1,,Net-(D1-GA),False,"[{""at"": [""-0.51"", ""0"", ""0""], ""size"": [""0.54"", ""0.64""], ""shape"": ""roundrect"", ""mask_margin"": """"}]"
R4,2,,+3V3_MCU,False,"[{""at"": [""0.51"", ""0"", ""0""], ""size"": [""0.54"", ""0.64""], ""shape"": ""roundrect"", ""mask_margin"": """"}]"
R5,1,,Net-(D1-RA),False,"[{""at"": [""-0.51"", ""0"", ""0""], ""size"": [""0.54"", ""0.64""], ""shape"": ""roundrect"", ""mask_margin"": """"}]"
R5,2,,/MCU/LED1,False,"[{""at"": [""0.51"", ""0"", ""0""], ""size"": [""0.54"", ""0.64""], ""shape"": ""roundrect"", ""mask_margin"": """"}]"
R6,1,,/MCU/BOOT0,False,"[{""at"": [""-0.51"", ""0"", ""0""], ""size"": [""0.54"", ""0.64""], ""shape"": ""roundrect"", ""mask_margin"": """"}]"
R6,2,,GND,False,"[{""at"": [""0.51"", ""0"", ""0""], ""size"": [""0.54"", ""0.64""], ""shape"": ""roundrect"", ""mask_margin"": """"}]"
R7,1,,+3V3_MCU,False,"[{""at"": [""-0.51"", ""0"", ""0""], ""size"": [""0.54"", ""0.64""], ""shape"": ""roundrect"", ""mask_margin"": """"}]"
R7,2,,/MCU/SWDIO,False,"[{""at"": [""0.51"", ""0"", ""0""], ""size"": [""0.54"", ""0.64""], ""shape"": ""roundrect"", ""mask_margin"": """"}]"
R8,1,,Net-(U4-PG),False,"[{""at"": [""-0.51"", ""0"", ""0""], ""size"": [""0.54"", ""0.64""], ""shape"": ""roundrect"", ""mask_margin"": """"}]"
R8,2,,+9V,False,"[{""at"": [""0.51"", ""0"", ""0""], ""size"": [""0.54"", ""0.64""], ""shape"": ""roundrect"", ""mask_margin"": """"}]"
R9,1,,GND,False,"[{""at"": [""-0.51"", ""0"", ""0""], ""size"": [""0.54"", ""0.64""], ""shape"": ""roundrect"", ""mask_margin"": """"}]"
R9,2,,Net-(U4-MODE{slash}SYNC),False,"[{""at"": [""0.51"", ""0"", ""0""], ""size"": [""0.54"", ""0.64""], ""shape"": ""roundrect"", ""mask_margin"": """"}]"
R10,1,,Net-(U4-FB),False,"[{""at"": [""-0.51"", ""0"", ""0""], ""size"": [""0.54"", ""0.64""], ""shape"": ""roundrect"", ""mask_margin"": """"}]"
R10,2,,+9V,False,"[{""at"": [""0.51"", ""0"", ""0""], ""size"": [""0.54"", ""0.64""], ""shape"": ""roundrect"", ""mask_margin"": """"}]"
R11,1,,Net-(U4-FB),False,"[{""at"": [""-0.51"", ""0"", ""0""], ""size"": [""0.54"", ""0.64""], ""shape"": ""roundrect"", ""mask_margin"": """"}]"
R11,2,,GND,False,"[{""at"": [""0.51"", ""0"", ""0""], ""size"": [""0.54"", ""0.64""], ""shape"": ""roundrect"", ""mask_margin"": """"}]"
R12,1,,Net-(U5-EN),False,"[{""at"": [""-0.51"", ""0"", ""0""], ""size"": [""0.54"", ""0.64""], ""shape"": ""roundrect"", ""mask_margin"": """"}]"
R12,2,,+5V_SYS,False,"[{""at"": [""0.51"", ""0"", ""0""], ""size"": [""0.54"", ""0.64""], ""shape"": ""roundrect"", ""mask_margin"": """"}]"
R13,1,,Net-(U6-EN),False,"[{""at"": [""-0.51"", ""0"", ""0""], ""size"": [""0.54"", ""0.64""], ""shape"": ""roundrect"", ""mask_margin"": """"}]"
R13,2,,+5V_SYS,False,"[{""at"": [""0.51"", ""0"", ""0""], ""size"": [""0.54"", ""0.64""], ""shape"": ""roundrect"", ""mask_margin"": """"}]"
R14,1,,VBAT,False,"[{""at"": [""-0.51"", ""0"", ""0""], ""size"": [""0.54"", ""0.64""], ""shape"": ""roundrect"", ""mask_margin"": """"}]"
R14,2,,/ANALOG_SENS/ADC_VBAT1,False,"[{""at"": [""0.51"", ""0"", ""0""], ""size"": [""0.54"", ""0.64""], ""shape"": ""roundrect"", ""mask_margin"": """"}]"
R15,1,,/ANALOG_SENS/ADC_VBAT1,False,"[{""at"": [""-0.51"", ""0"", ""0""], ""size"": [""0.54"", ""0.64""], ""shape"": ""roundrect"", ""mask_margin"": """"}]"
R15,2,,GND,False,"[{""at"": [""0.51"", ""0"", ""0""], ""size"": [""0.54"", ""0.64""], ""shape"": ""roundrect"", ""mask_margin"": """"}]"
R16,1,,/ANALOG_SENS/AIRSPEED_Sensor,False,"[{""at"": [""-0.51"", ""0"", ""0""], ""size"": [""0.54"", ""0.64""], ""shape"": ""roundrect"", ""mask_margin"": """"}]"
R16,2,,/ANALOG_SENS/ADC_AIRSPEED,False,"[{""at"": [""0.51"", ""0"", ""0""], ""size"": [""0.54"", ""0.64""], ""shape"": ""roundrect"", ""mask_margin"": """"}]"
R17,1,,/ANALOG_SENS/ADC_AIRSPEED,False,"[{""at"": [""-0.51"", ""0"", ""0""], ""size"": [""0.54"", ""0.64""], ""shape"": ""roundrect"", ""mask_margin"": """"}]"
R17,2,,GND,False,"[{""at"": [""0.51"", ""0"", ""0""], ""size"": [""0.54"", ""0.64""], ""shape"": ""roundrect"", ""mask_margin"": """"}]"
R18,1,,/ANALOG_SENS/Vbat2_Sensor,False,"[{""at"": [""-0.51"", ""0"", ""0""], ""size"": [""0.54"", ""0.64""], ""shape"": ""roundrect"", ""mask_margin"": """"}]"
R18,2,,/ANALOG_SENS/ADC_VBAT1,False,"[{""at"": [""0.51"", ""0"", ""0""], ""size"": [""0.54"", ""0.64""], ""shape"": ""roundrect"", ""mask_margin"": """"}]"
R19,1,,/ANALOG_SENS/ADC_VBAT1,False,"[{""at"": [""-0.51"", ""0"", ""0""], ""size"": [""0.54"", ""0.64""], ""shape"": ""roundrect"", ""mask_margin"": """"}]"
R19,2,,GND,False,"[{""at"": [""0.51"", ""0"", ""0""], ""size"": [""0.54"", ""0.64""], ""shape"": ""roundrect"", ""mask_margin"": """"}]"
R20,1,,/UART_I2C/UART4.RX,False,"[{""at"": [""-0.51"", ""0"", ""0""], ""size"": [""0.54"", ""0.64""], ""shape"": ""roundrect"", ""mask_margin"": """"}]"
R20,2,,Net-(J3-Pin_3),False,"[{""at"": [""0.51"", ""0"", ""0""], ""size"": [""0.54"", ""0.64""], ""shape"": ""roundrect"", ""mask_margin"": """"}]"
R21,1,,/UART_I2C/UART4.TX,False,"[{""at"": [""-0.51"", ""0"", ""0""], ""size"": [""0.54"", ""0.64""], ""shape"": ""roundrect"", ""mask_margin"": """"}]"
R21,2,,Net-(J3-Pin_4),False,"[{""at"": [""0.51"", ""0"", ""0""], ""size"": [""0.54"", ""0.64""], ""shape"": ""roundrect"", ""mask_margin"": """"}]"
R22,1,,/UART_I2C/UART1.RX,False,"[{""at"": [""-0.51"", ""0"", ""0""], ""size"": [""0.54"", ""0.64""], ""shape"": ""roundrect"", ""mask_margin"": """"}]"
R22,2,,Net-(J2-Pin_3),False,"[{""at"": [""0.51"", ""0"", ""0""], ""size"": [""0.54"", ""0.64""], ""shape"": ""roundrect"", ""mask_margin"": """"}]"
R23,1,,/UART_I2C/UART1.TX,False,"[{""at"": [""-0.51"", ""0"", ""0""], ""size"": [""0.54"", ""0.64""], ""shape"": ""roundrect"", ""mask_margin"": """"}]"
R23,2,,Net-(J2-Pin_4),False,"[{""at"": [""0.51"", ""0"", ""0""], ""size"": [""0.54"", ""0.64""], ""shape"": ""roundrect"", ""mask_margin"": """"}]"
R24,1,,/UART_I2C/UART7.RTS,False,"[{""at"": [""-0.51"", ""0"", ""0""], ""size"": [""0.54"", ""0.64""], ""shape"": ""roundrect"", ""mask_margin"": """"}]"
R24,2,,Net-(J4-Pin_1),False,"[{""at"": [""0.51"", ""0"", ""0""], ""size"": [""0.54"", ""0.64""], ""shape"": ""roundrect"", ""mask_margin"": """"}]"
R25,1,,/UART_I2C/UART7.CTS,False,"[{""at"": [""-0.51"", ""0"", ""0""], ""size"": [""0.54"", ""0.64""], ""shape"": ""roundrect"", ""mask_margin"": """"}]"
R25,2,,Net-(J4-Pin_2),False,"[{""at"": [""0.51"", ""0"", ""0""], ""size"": [""0.54"", ""0.64""], ""shape"": ""roundrect"", ""mask_margin"": """"}]"
R26,1,,/UART_I2C/UART7.RX,False,"[{""at"": [""-0.51"", ""0"", ""0""], ""size"": [""0.54"", ""0.64""], ""shape"": ""roundrect"", ""mask_margin"": """"}]"
R26,2,,Net-(J4-Pin_5),False,"[{""at"": [""0.51"", ""0"", ""0""], ""size"": [""0.54"", ""0.64""], ""shape"": ""roundrect"", ""mask_margin"": """"}]"
R27,1,,/UART_I2C/UART7.TX,False,"[{""at"": [""-0.51"", ""0"", ""0""], ""size"": [""0.54"", ""0.64""], ""shape"": ""roundrect"", ""mask_margin"": """"}]"
R27,2,,Net-(J4-Pin_6),False,"[{""at"": [""0.51"", ""0"", ""0""], ""size"": [""0.54"", ""0.64""], ""shape"": ""roundrect"", ""mask_margin"": """"}]"
R28,1,,/UART_I2C/UART2.RX,False,"[{""at"": [""-0.51"", ""0"", ""0""], ""size"": [""0.54"", ""0.64""], ""shape"": ""roundrect"", ""mask_margin"": """"}]"
R28,2,,Net-(J5-Pin_3),False,"[{""at"": [""0.51"", ""0"", ""0""], ""size"": [""0.54"", ""0.64""], ""shape"": ""roundrect"", ""mask_margin"": """"}]"
R29,1,,/UART_I2C/UART2.TX,False,"[{""at"": [""-0.51"", ""0"", ""0""], ""size"": [""0.54"", ""0.64""], ""shape"": ""roundrect"", ""mask_margin"": """"}]"
R29,2,,Net-(J5-Pin_4),False,"[{""at"": [""0.51"", ""0"", ""0""], ""size"": [""0.54"", ""0.64""], ""shape"": ""roundrect"", ""mask_margin"": """"}]"
R30,1,,/UART_I2C/UART6.RX,False,"[{""at"": [""-0.51"", ""0"", ""0""], ""size"": [""0.54"", ""0.64""], ""shape"": ""roundrect"", ""mask_margin"": """"}]"
R30,2,,Net-(J6-Pin_3),False,"[{""at"": [""0.51"", ""0"", ""0""], ""size"": [""0.54"", ""0.64""], ""shape"": ""roundrect"", ""mask_margin"": """"}]"
R31,1,,/UART_I2C/UART6.TX,False,"[{""at"": [""-0.51"", ""0"", ""0""], ""size"": [""0.54"", ""0.64""], ""shape"": ""roundrect"", ""mask_margin"": """"}]"
R31,2,,Net-(J6-Pin_4),False,"[{""at"": [""0.51"", ""0"", ""0""], ""size"": [""0.54"", ""0.64""], ""shape"": ""roundrect"", ""mask_margin"": """"}]"
R32,1,,/UART_I2C/UART3.RX,False,"[{""at"": [""-0.51"", ""0"", ""0""], ""size"": [""0.54"", ""0.64""], ""shape"": ""roundrect"", ""mask_margin"": """"}]"
R32,2,,Net-(J7-Pin_3),False,"[{""at"": [""0.51"", ""0"", ""0""], ""size"": [""0.54"", ""0.64""], ""shape"": ""roundrect"", ""mask_margin"": """"}]"
R33,1,,/UART_I2C/UART3.TX,False,"[{""at"": [""-0.51"", ""0"", ""0""], ""size"": [""0.54"", ""0.64""], ""shape"": ""roundrect"", ""mask_margin"": """"}]"
R33,2,,Net-(J7-Pin_4),False,"[{""at"": [""0.51"", ""0"", ""0""], ""size"": [""0.54"", ""0.64""], ""shape"": ""roundrect"", ""mask_margin"": """"}]"
R34,1,,Net-(U11-INT1),False,"[{""at"": [""-0.51"", ""0"", ""0""], ""size"": [""0.54"", ""0.64""], ""shape"": ""roundrect"", ""mask_margin"": """"}]"
R34,2,,/MCU/IMU1_DRDY,False,"[{""at"": [""0.51"", ""0"", ""0""], ""size"": [""0.54"", ""0.64""], ""shape"": ""roundrect"", ""mask_margin"": """"}]"
R35,1,,Net-(U11-INT2{slash}FSYNC{slash}CLKIN),False,"[{""at"": [""-0.51"", ""0"", ""0""], ""size"": [""0.54"", ""0.64""], ""shape"": ""roundrect"", ""mask_margin"": """"}]"
R35,2,,/MCU/IMU1_CLKIN,False,"[{""at"": [""0.51"", ""0"", ""0""], ""size"": [""0.54"", ""0.64""], ""shape"": ""roundrect"", ""mask_margin"": """"}]"
R36,1,,/MCU/IMU2_DRDY,False,"[{""at"": [""-0.51"", ""0"", ""0""], ""size"": [""0.54"", ""0.64""], ""shape"": ""roundrect"", ""mask_margin"": """"}]"
R36,2,,Net-(U10-INT1),False,"[{""at"": [""0.51"", ""0"", ""0""], ""size"": [""0.54"", ""0.64""], ""shape"": ""roundrect"", ""mask_margin"": """"}]"
R37,1,,+3V3_MCU,False,"[{""at"": [""-0.51"", ""0"", ""0""], ""size"": [""0.54"", ""0.64""], ""shape"": ""roundrect"", ""mask_margin"": """"}]"
R37,2,,/SENSORS/I2C2.SCL,False,"[{""at"": [""0.51"", ""0"", ""0""], ""size"": [""0.54"", ""0.64""], ""shape"": ""roundrect"", ""mask_margin"": """"}]"
R38,1,,+3V3_MCU,False,"[{""at"": [""-0.51"", ""0"", ""0""], ""size"": [""0.54"", ""0.64""], ""shape"": ""roundrect"", ""mask_margin"": """"}]"
R38,2,,/SENSORS/I2C2.SDA,False,"[{""at"": [""0.51"", ""0"", ""0""], ""size"": [""0.54"", ""0.64""], ""shape"": ""roundrect"", ""mask_margin"": """"}]"
R39,1,,/BUZZER/BUZZER,False,"[{""at"": [""-0.51"", ""0"", ""0""], ""size"": [""0.54"", ""0.64""], ""shape"": ""roundrect"", ""mask_margin"": """"}]"
R39,2,,Net-(Q1-G),False,"[{""at"": [""0.51"", ""0"", ""0""], ""size"": [""0.54"", ""0.64""], ""shape"": ""roundrect"", ""mask_margin"": """"}]"
R40,1,,Net-(Q1-G),False,"[{""at"": [""-0.51"", ""0"", ""0""], ""size"": [""0.54"", ""0.64""], ""shape"": ""roundrect"", ""mask_margin"": """"}]"
R40,2,,GND,False,"[{""at"": [""0.51"", ""0"", ""0""], ""size"": [""0.54"", ""0.64""], ""shape"": ""roundrect"", ""mask_margin"": """"}]"
R41,1,,/MICRO_SD/SDIO.CK,False,"[{""at"": [""-0.51"", ""0"", ""0""], ""size"": [""0.54"", ""0.64""], ""shape"": ""roundrect"", ""mask_margin"": """"}]"
R41,2,,+3V3_MCU,False,"[{""at"": [""0.51"", ""0"", ""0""], ""size"": [""0.54"", ""0.64""], ""shape"": ""roundrect"", ""mask_margin"": """"}]"
R42,1,,/MICRO_SD/SDIO.CMD,False,"[{""at"": [""-0.51"", ""0"", ""0""], ""size"": [""0.54"", ""0.64""], ""shape"": ""roundrect"", ""mask_margin"": """"}]"
R42,2,,+3V3_MCU,False,"[{""at"": [""0.51"", ""0"", ""0""], ""size"": [""0.54"", ""0.64""], ""shape"": ""roundrect"", ""mask_margin"": """"}]"
R43,1,,/MICRO_SD/SDIO.D0,False,"[{""at"": [""-0.51"", ""0"", ""0""], ""size"": [""0.54"", ""0.64""], ""shape"": ""roundrect"", ""mask_margin"": """"}]"
R43,2,,+3V3_MCU,False,"[{""at"": [""0.51"", ""0"", ""0""], ""size"": [""0.54"", ""0.64""], ""shape"": ""roundrect"", ""mask_margin"": """"}]"
R44,1,,/MICRO_SD/SDIO.D1,False,"[{""at"": [""-0.51"", ""0"", ""0""], ""size"": [""0.54"", ""0.64""], ""shape"": ""roundrect"", ""mask_margin"": """"}]"
R44,2,,+3V3_MCU,False,"[{""at"": [""0.51"", ""0"", ""0""], ""size"": [""0.54"", ""0.64""], ""shape"": ""roundrect"", ""mask_margin"": """"}]"
R45,1,,/MICRO_SD/SDIO.D2,False,"[{""at"": [""-0.51"", ""0"", ""0""], ""size"": [""0.54"", ""0.64""], ""shape"": ""roundrect"", ""mask_margin"": """"}]"
R45,2,,+3V3_MCU,False,"[{""at"": [""0.51"", ""0"", ""0""], ""size"": [""0.54"", ""0.64""], ""shape"": ""roundrect"", ""mask_margin"": """"}]"
R46,1,,/MICRO_SD/SDIO.D3,False,"[{""at"": [""-0.51"", ""0"", ""0""], ""size"": [""0.54"", ""0.64""], ""shape"": ""roundrect"", ""mask_margin"": """"}]"
R46,2,,+3V3_MCU,False,"[{""at"": [""0.51"", ""0"", ""0""], ""size"": [""0.54"", ""0.64""], ""shape"": ""roundrect"", ""mask_margin"": """"}]"
R47,1,,/MCU/MOTOR1,False,"[{""at"": [""-0.51"", ""0"", ""0""], ""size"": [""0.54"", ""0.64""], ""shape"": ""roundrect"", ""mask_margin"": """"}]"
R47,2,,/MOTORS[1-4]/S1,False,"[{""at"": [""0.51"", ""0"", ""0""], ""size"": [""0.54"", ""0.64""], ""shape"": ""roundrect"", ""mask_margin"": """"}]"
R48,1,,/MCU/MOTOR2,False,"[{""at"": [""-0.51"", ""0"", ""0""], ""size"": [""0.54"", ""0.64""], ""shape"": ""roundrect"", ""mask_margin"": """"}]"
R48,2,,/MOTORS[1-4]/S2,False,"[{""at"": [""0.51"", ""0"", ""0""], ""size"": [""0.54"", ""0.64""], ""shape"": ""roundrect"", ""mask_margin"": """"}]"
R49,1,,/MCU/MOTOR3,False,"[{""at"": [""-0.51"", ""0"", ""0""], ""size"": [""0.54"", ""0.64""], ""shape"": ""roundrect"", ""mask_margin"": """"}]"
R49,2,,/MOTORS[1-4]/S3,False,"[{""at"": [""0.51"", ""0"", ""0""], ""size"": [""0.54"", ""0.64""], ""shape"": ""roundrect"", ""mask_margin"": """"}]"
R50,1,,/MCU/MOTOR4,False,"[{""at"": [""-0.51"", ""0"", ""0""], ""size"": [""0.54"", ""0.64""], ""shape"": ""roundrect"", ""mask_margin"": """"}]"
R50,2,,/MOTORS[1-4]/S4,False,"[{""at"": [""0.51"", ""0"", ""0""], ""size"": [""0.54"", ""0.64""], ""shape"": ""roundrect"", ""mask_margin"": """"}]"
TP1,1,1,/MCU/SWDIO,False,"[{""at"": [""0"", ""0"", ""0""], ""size"": [""1"", ""1""], ""shape"": ""rect"", ""mask_margin"": """"}]"
TP2,1,1,/MCU/SWCLK,False,"[{""at"": [""0"", ""0"", ""0""], ""size"": [""1"", ""1""], ""shape"": ""rect"", ""mask_margin"": """"}]"
TP3,1,1,/MCU/VDD_MCU,False,"[{""at"": [""0"", ""0"", ""0""], ""size"": [""1"", ""1""], ""shape"": ""rect"", ""mask_margin"": """"}]"
TP4,1,1,GND,False,"[{""at"": [""0"", ""0"", ""0""], ""size"": [""1"", ""1""], ""shape"": ""rect"", ""mask_margin"": """"}]"
U1,1,I/O1,/USB_OTG.DP,False,"[{""at"": [""-0.69"", ""-0.5""], ""size"": [""0.75"", ""0.35""], ""shape"": ""roundrect"", ""mask_margin"": """"}]"
U1,2,GND,GND,False,"[{""at"": [""-0.69"", ""0""], ""size"": [""0.75"", ""0.35""], ""shape"": ""roundrect"", ""mask_margin"": """"}]"
U1,3,I/O2,/USB_OTG.DN,False,"[{""at"": [""-0.69"", ""0.5""], ""size"": [""0.75"", ""0.35""], ""shape"": ""roundrect"", ""mask_margin"": """"}]"
U1,4,I/O2,/USB_OTG_P.DM,False,"[{""at"": [""0.69"", ""0.5""], ""size"": [""0.75"", ""0.35""], ""shape"": ""roundrect"", ""mask_margin"": """"}]"
U1,5,VBUS,VBUS,False,"[{""at"": [""0.69"", ""0""], ""size"": [""0.75"", ""0.35""], ""shape"": ""roundrect"", ""mask_margin"": """"}]"
U1,6,I/O1,/USB_OTG_P.DP,False,"[{""at"": [""0.69"", ""-0.5""], ""size"": [""0.75"", ""0.35""], ""shape"": ""roundrect"", ""mask_margin"": """"}]"
U2,1,PE2,/MCU/IMU3_G_CS,False,"[{""at"": [""-7.675"", ""-6"", ""360.0""], ""size"": [""1.6"", ""0.3""], ""shape"": ""roundrect"", ""mask_margin"": """"}]"
U2,2,PE3,/MCU/LED0,False,"[{""at"": [""-7.675"", ""-5.5"", ""360.0""], ""size"": [""1.6"", ""0.3""], ""shape"": ""roundrect"", ""mask_margin"": """"}]"
U2,3,PE4,/MCU/LED1,False,"[{""at"": [""-7.675"", ""-5"", ""360.0""], ""size"": [""1.6"", ""0.3""], ""shape"": ""roundrect"", ""mask_margin"": """"}]"
U2,4,PE5,unconnected-(U2-PE5-Pad4),True,"[{""at"": [""-7.675"", ""-4.5"", ""360.0""], ""size"": [""1.6"", ""0.3""], ""shape"": ""roundrect"", ""mask_margin"": """"}]"
U2,5,PE6,unconnected-(U2-PE6-Pad5),True,"[{""at"": [""-7.675"", ""-4"", ""360.0""], ""size"": [""1.6"", ""0.3""], ""shape"": ""roundrect"", ""mask_margin"": """"}]"
U2,6,VBAT,+3V3_MCU,False,"[{""at"": [""-7.675"", ""-3.5"", ""360.0""], ""size"": [""1.6"", ""0.3""], ""shape"": ""roundrect"", ""mask_margin"": """"}]"
U2,7,PC13,unconnected-(U2-PC13-Pad7),True,"[{""at"": [""-7.675"", ""-3"", ""360.0""], ""size"": [""1.6"", ""0.3""], ""shape"": ""roundrect"", ""mask_margin"": """"}]"
U2,8,PC14,unconnected-(U2-PC14-Pad8),True,"[{""at"": [""-7.675"", ""-2.5"", ""360.0""], ""size"": [""1.6"", ""0.3""], ""shape"": ""roundrect"", ""mask_margin"": """"}]"
U2,9,PC15,/MCU/SPI1.CS,False,"[{""at"": [""-7.675"", ""-2"", ""360.0""], ""size"": [""1.6"", ""0.3""], ""shape"": ""roundrect"", ""mask_margin"": """"}]"
U2,10,VSS,GND,False,"[{""at"": [""-7.675"", ""-1.5"", ""360.0""], ""size"": [""1.6"", ""0.3""], ""shape"": ""roundrect"", ""mask_margin"": """"}]"
U2,11,VDD,+3V3_MCU,False,"[{""at"": [""-7.675"", ""-1"", ""360.0""], ""size"": [""1.6"", ""0.3""], ""shape"": ""roundrect"", ""mask_margin"": """"}]"
U2,12,PH0,/MCU/OSC_IN,False,"[{""at"": [""-7.675"", ""-0.5"", ""360.0""], ""size"": [""1.6"", ""0.3""], ""shape"": ""roundrect"", ""mask_margin"": """"}]"
U2,13,PH1,/MCU/OSC_OUT,False,"[{""at"": [""-7.675"", ""0"", ""360.0""], ""size"": [""1.6"", ""0.3""], ""shape"": ""roundrect"", ""mask_margin"": """"}]"
U2,14,NRST,/MCU/NRST,False,"[{""at"": [""-7.675"", ""0.5"", ""360.0""], ""size"": [""1.6"", ""0.3""], ""shape"": ""roundrect"", ""mask_margin"": """"}]"
U2,15,PC0,/ANALOG_SENS/ADC_VBAT1,False,"[{""at"": [""-7.675"", ""1"", ""360.0""], ""size"": [""1.6"", ""0.3""], ""shape"": ""roundrect"", ""mask_margin"": """"}]"
U2,16,PC1,/MCU/ADC_CURR1,False,"[{""at"": [""-7.675"", ""1.5"", ""360.0""], ""size"": [""1.6"", ""0.3""], ""shape"": ""roundrect"", ""mask_margin"": """"}]"
U2,17,PC2_C,unconnected-(U2-PC2_C-Pad17),True,"[{""at"": [""-7.675"", ""2"", ""360.0""], ""size"": [""1.6"", ""0.3""], ""shape"": ""roundrect"", ""mask_margin"": """"}]"
U2,18,PC3_C,unconnected-(U2-PC3_C-Pad18),True,"[{""at"": [""-7.675"", ""2.5"", ""360.0""], ""size"": [""1.6"", ""0.3""], ""shape"": ""roundrect"", ""mask_margin"": """"}]"
U2,19,VSSA,GND,False,"[{""at"": [""-7.675"", ""3"", ""360.0""], ""size"": [""1.6"", ""0.3""], ""shape"": ""roundrect"", ""mask_margin"": """"}]"
U2,20,VREF+,/MCU/VDDA,False,"[{""at"": [""-7.675"", ""3.5"", ""360.0""], ""size"": [""1.6"", ""0.3""], ""shape"": ""roundrect"", ""mask_margin"": """"}]"
U2,21,VDDA,/MCU/VDDA,False,"[{""at"": [""-7.675"", ""4"", ""360.0""], ""size"": [""1.6"", ""0.3""], ""shape"": ""roundrect"", ""mask_margin"": """"}]"
U2,22,PA0,/MCU/MOTOR3,False,"[{""at"": [""-7.675"", ""4.5"", ""360.0""], ""size"": [""1.6"", ""0.3""], ""shape"": ""roundrect"", ""mask_margin"": """"}]"
U2,23,PA1,/MCU/MOTOR4,False,"[{""at"": [""-7.675"", ""5"", ""360.0""], ""size"": [""1.6"", ""0.3""], ""shape"": ""roundrect"", ""mask_margin"": """"}]"
U2,24,PA2,unconnected-(U2-PA2-Pad24),True,"[{""at"": [""-7.675"", ""5.5"", ""360.0""], ""size"": [""1.6"", ""0.3""], ""shape"": ""roundrect"", ""mask_margin"": """"}]"
U2,25,PA3,unconnected-(U2-PA3-Pad25),True,"[{""at"": [""-7.675"", ""6"", ""360.0""], ""size"": [""1.6"", ""0.3""], ""shape"": ""roundrect"", ""mask_margin"": """"}]"
U2,26,VSS,GND,False,"[{""at"": [""-6"", ""7.675"", ""360.0""], ""size"": [""0.3"", ""1.6""], ""shape"": ""roundrect"", ""mask_margin"": """"}]"
U2,27,VDD,+3V3_MCU,False,"[{""at"": [""-5.5"", ""7.675"", ""360.0""], ""size"": [""0.3"", ""1.6""], ""shape"": ""roundrect"", ""mask_margin"": """"}]"
U2,28,PA4,/ANALOG_SENS/ADC_VBAT2,False,"[{""at"": [""-5"", ""7.675"", ""360.0""], ""size"": [""0.3"", ""1.6""], ""shape"": ""roundrect"", ""mask_margin"": """"}]"
U2,29,PA5,/MCU/SPI1.SCLK,False,"[{""at"": [""-4.5"", ""7.675"", ""360.0""], ""size"": [""0.3"", ""1.6""], ""shape"": ""roundrect"", ""mask_margin"": """"}]"
U2,30,PA6,/MCU/SPI1.MISO,False,"[{""at"": [""-4"", ""7.675"", ""360.0""], ""size"": [""0.3"", ""1.6""], ""shape"": ""roundrect"", ""mask_margin"": """"}]"
U2,31,PA7,unconnected-(U2-PA7-Pad31),True,"[{""at"": [""-3.5"", ""7.675"", ""360.0""], ""size"": [""0.3"", ""1.6""], ""shape"": ""roundrect"", ""mask_margin"": """"}]"
U2,32,PC4,/ANALOG_SENS/ADC_AIRSPEED,False,"[{""at"": [""-3"", ""7.675"", ""360.0""], ""size"": [""0.3"", ""1.6""], ""shape"": ""roundrect"", ""mask_margin"": """"}]"
U2,33,PC5,unconnected-(U2-PC5-Pad33),True,"[{""at"": [""-2.5"", ""7.675"", ""360.0""], ""size"": [""0.3"", ""1.6""], ""shape"": ""roundrect"", ""mask_margin"": """"}]"
U2,34,PB0,/MCU/MOTOR1,False,"[{""at"": [""-2"", ""7.675"", ""360.0""], ""size"": [""0.3"", ""1.6""], ""shape"": ""roundrect"", ""mask_margin"": """"}]"
U2,35,PB1,/MCU/MOTOR2,False,"[{""at"": [""-1.5"", ""7.675"", ""360.0""], ""size"": [""0.3"", ""1.6""], ""shape"": ""roundrect"", ""mask_margin"": """"}]"
U2,36,PB2,/MCU/IMU2_DRDY,False,"[{""at"": [""-1"", ""7.675"", ""360.0""], ""size"": [""0.3"", ""1.6""], ""shape"": ""roundrect"", ""mask_margin"": """"}]"
U2,37,PE7,/MCU/UART7.RX,False,"[{""at"": [""-0.5"", ""7.675"", ""360.0""], ""size"": [""0.3"", ""1.6""], ""shape"": ""roundrect"", ""mask_margin"": """"}]"
U2,38,PE8,/MCU/UART7.TX,False,"[{""at"": [""0"", ""7.675"", ""360.0""], ""size"": [""0.3"", ""1.6""], ""shape"": ""roundrect"", ""mask_margin"": """"}]"
U2,39,PE9,/MCU/UART7.RTS,False,"[{""at"": [""0.5"", ""7.675"", ""360.0""], ""size"": [""0.3"", ""1.6""], ""shape"": ""roundrect"", ""mask_margin"": """"}]"
U2,40,PE10,/MCU/UART7.CTS,False,"[{""at"": [""1"", ""7.675"", ""360.0""], ""size"": [""0.3"", ""1.6""], ""shape"": ""roundrect"", ""mask_margin"": """"}]"
U2,41,PE11,/MCU/SPI4.CS,False,"[{""at"": [""1.5"", ""7.675"", ""360.0""], ""size"": [""0.3"", ""1.6""], ""shape"": ""roundrect"", ""mask_margin"": """"}]"
U2,42,PE12,/MCU/SPI4.SCLK,False,"[{""at"": [""2"", ""7.675"", ""360.0""], ""size"": [""0.3"", ""1.6""], ""shape"": ""roundrect"", ""mask_margin"": """"}]"
U2,43,PE13,/MCU/SPI4.MISO,False,"[{""at"": [""2.5"", ""7.675"", ""360.0""], ""size"": [""0.3"", ""1.6""], ""shape"": ""roundrect"", ""mask_margin"": """"}]"
U2,44,PE14,/MCU/SPI4.MOSI,False,"[{""at"": [""3"", ""7.675"", ""360.0""], ""size"": [""0.3"", ""1.6""], ""shape"": ""roundrect"", ""mask_margin"": """"}]"
U2,45,PE15,/MCU/IMU1_DRDY,False,"[{""at"": [""3.5"", ""7.675"", ""360.0""], ""size"": [""0.3"", ""1.6""], ""shape"": ""roundrect"", ""mask_margin"": """"}]"
U2,46,PB10,/MCU/I2C2.SCL,False,"[{""at"": [""4"", ""7.675"", ""360.0""], ""size"": [""0.3"", ""1.6""], ""shape"": ""roundrect"", ""mask_margin"": """"}]"
U2,47,PB11,/MCU/I2C2.SDA,False,"[{""at"": [""4.5"", ""7.675"", ""360.0""], ""size"": [""0.3"", ""1.6""], ""shape"": ""roundrect"", ""mask_margin"": """"}]"
U2,48,VCAP,VCAP,False,"[{""at"": [""5"", ""7.675"", ""360.0""], ""size"": [""0.3"", ""1.6""], ""shape"": ""roundrect"", ""mask_margin"": """"}]"
U2,49,VSS,GND,False,"[{""at"": [""5.5"", ""7.675"", ""360.0""], ""size"": [""0.3"", ""1.6""], ""shape"": ""roundrect"", ""mask_margin"": """"}]"
U2,50,VDD,+3V3_MCU,False,"[{""at"": [""6"", ""7.675"", ""360.0""], ""size"": [""0.3"", ""1.6""], ""shape"": ""roundrect"", ""mask_margin"": """"}]"
U2,51,PB12,/MCU/SPI2.CS,False,"[{""at"": [""7.675"", ""6"", ""360.0""], ""size"": [""1.6"", ""0.3""], ""shape"": ""roundrect"", ""mask_margin"": """"}]"
U2,52,PB13,/MCU/SPI2.SCLK,False,"[{""at"": [""7.675"", ""5.5"", ""360.0""], ""size"": [""1.6"", ""0.3""], ""shape"": ""roundrect"", ""mask_margin"": """"}]"
U2,53,PB14,/MCU/SPI2.MISO,False,"[{""at"": [""7.675"", ""5"", ""360.0""], ""size"": [""1.6"", ""0.3""], ""shape"": ""roundrect"", ""mask_margin"": """"}]"
U2,54,PB15,/MCU/SPI2.MOSI,False,"[{""at"": [""7.675"", ""4.5"", ""360.0""], ""size"": [""1.6"", ""0.3""], ""shape"": ""roundrect"", ""mask_margin"": """"}]"
U2,55,PD8,/MCU/UART3.TX,False,"[{""at"": [""7.675"", ""4"", ""360.0""], ""size"": [""1.6"", ""0.3""], ""shape"": ""roundrect"", ""mask_margin"": """"}]"
U2,56,PD9,/MCU/UART3.RX,False,"[{""at"": [""7.675"", ""3.5"", ""360.0""], ""size"": [""1.6"", ""0.3""], ""shape"": ""roundrect"", ""mask_margin"": """"}]"
U2,57,PD10,unconnected-(U2-PD10-Pad57),True,"[{""at"": [""7.675"", ""3"", ""360.0""], ""size"": [""1.6"", ""0.3""], ""shape"": ""roundrect"", ""mask_margin"": """"}]"
U2,58,PD11,unconnected-(U2-PD11-Pad58),True,"[{""at"": [""7.675"", ""2.5"", ""360.0""], ""size"": [""1.6"", ""0.3""], ""shape"": ""roundrect"", ""mask_margin"": """"}]"
U2,59,PD12,unconnected-(U2-PD12-Pad59),True,"[{""at"": [""7.675"", ""2"", ""360.0""], ""size"": [""1.6"", ""0.3""], ""shape"": ""roundrect"", ""mask_margin"": """"}]"
U2,60,PD13,unconnected-(U2-PD13-Pad60),True,"[{""at"": [""7.675"", ""1.5"", ""360.0""], ""size"": [""1.6"", ""0.3""], ""shape"": ""roundrect"", ""mask_margin"": """"}]"
U2,61,PD14,/MCU/IMU1_CLKIN,False,"[{""at"": [""7.675"", ""1"", ""360.0""], ""size"": [""1.6"", ""0.3""], ""shape"": ""roundrect"", ""mask_margin"": """"}]"
U2,62,PD15,unconnected-(U2-PD15-Pad62),True,"[{""at"": [""7.675"", ""0.5"", ""360.0""], ""size"": [""1.6"", ""0.3""], ""shape"": ""roundrect"", ""mask_margin"": """"}]"
U2,63,PC6,/MCU/UART6.TX,False,"[{""at"": [""7.675"", ""0"", ""360.0""], ""size"": [""1.6"", ""0.3""], ""shape"": ""roundrect"", ""mask_margin"": """"}]"
U2,64,PC7,/MCU/UART6.RX,False,"[{""at"": [""7.675"", ""-0.5"", ""360.0""], ""size"": [""1.6"", ""0.3""], ""shape"": ""roundrect"", ""mask_margin"": """"}]"
U2,65,PC8,/MCU/SDIO.D0,False,"[{""at"": [""7.675"", ""-1"", ""360.0""], ""size"": [""1.6"", ""0.3""], ""shape"": ""roundrect"", ""mask_margin"": """"}]"
U2,66,PC9,/MCU/SDIO.D1,False,"[{""at"": [""7.675"", ""-1.5"", ""360.0""], ""size"": [""1.6"", ""0.3""], ""shape"": ""roundrect"", ""mask_margin"": """"}]"
U2,67,PA8,/BUZZER/LED_STRIP,False,"[{""at"": [""7.675"", ""-2"", ""360.0""], ""size"": [""1.6"", ""0.3""], ""shape"": ""roundrect"", ""mask_margin"": """"}]"
U2,68,PA9,/MCU/UART1.TX,False,"[{""at"": [""7.675"", ""-2.5"", ""360.0""], ""size"": [""1.6"", ""0.3""], ""shape"": ""roundrect"", ""mask_margin"": """"}]"
U2,69,PA10,/MCU/UART1.RX,False,"[{""at"": [""7.675"", ""-3"", ""360.0""], ""size"": [""1.6"", ""0.3""], ""shape"": ""roundrect"", ""mask_margin"": """"}]"
U2,70,PA11,/MCU/USB_OTG_P.DM,False,"[{""at"": [""7.675"", ""-3.5"", ""360.0""], ""size"": [""1.6"", ""0.3""], ""shape"": ""roundrect"", ""mask_margin"": """"}]"
U2,71,PA12,/MCU/USB_OTG_P.DP,False,"[{""at"": [""7.675"", ""-4"", ""360.0""], ""size"": [""1.6"", ""0.3""], ""shape"": ""roundrect"", ""mask_margin"": """"}]"
U2,72,PA13,/MCU/SWDIO,False,"[{""at"": [""7.675"", ""-4.5"", ""360.0""], ""size"": [""1.6"", ""0.3""], ""shape"": ""roundrect"", ""mask_margin"": """"}]"
U2,73,VCAP,VCAP,False,"[{""at"": [""7.675"", ""-5"", ""360.0""], ""size"": [""1.6"", ""0.3""], ""shape"": ""roundrect"", ""mask_margin"": """"}]"
U2,74,VSS,GND,False,"[{""at"": [""7.675"", ""-5.5"", ""360.0""], ""size"": [""1.6"", ""0.3""], ""shape"": ""roundrect"", ""mask_margin"": """"}]"
U2,75,VDD,+3V3_MCU,False,"[{""at"": [""7.675"", ""-6"", ""360.0""], ""size"": [""1.6"", ""0.3""], ""shape"": ""roundrect"", ""mask_margin"": """"}]"
U2,76,PA14,/MCU/SWCLK,False,"[{""at"": [""6"", ""-7.675"", ""360.0""], ""size"": [""0.3"", ""1.6""], ""shape"": ""roundrect"", ""mask_margin"": """"}]"
U2,77,PA15,/BUZZER/BUZZER,False,"[{""at"": [""5.5"", ""-7.675"", ""360.0""], ""size"": [""0.3"", ""1.6""], ""shape"": ""roundrect"", ""mask_margin"": """"}]"
U2,78,PC10,/MCU/SDIO.D2,False,"[{""at"": [""5"", ""-7.675"", ""360.0""], ""size"": [""0.3"", ""1.6""], ""shape"": ""roundrect"", ""mask_margin"": """"}]"
U2,79,PC11,/MCU/SDIO.D3,False,"[{""at"": [""4.5"", ""-7.675"", ""360.0""], ""size"": [""0.3"", ""1.6""], ""shape"": ""roundrect"", ""mask_margin"": """"}]"
U2,80,PC12,/MCU/SDIO.CK,False,"[{""at"": [""4"", ""-7.675"", ""360.0""], ""size"": [""0.3"", ""1.6""], ""shape"": ""roundrect"", ""mask_margin"": """"}]"
U2,81,PD0,/MCU/CAN1.RX,False,"[{""at"": [""3.5"", ""-7.675"", ""360.0""], ""size"": [""0.3"", ""1.6""], ""shape"": ""roundrect"", ""mask_margin"": """"}]"
U2,82,PD1,/MCU/CAN1.TX,False,"[{""at"": [""3"", ""-7.675"", ""360.0""], ""size"": [""0.3"", ""1.6""], ""shape"": ""roundrect"", ""mask_margin"": """"}]"
U2,83,PD2,/MCU/SDIO.CMD,False,"[{""at"": [""2.5"", ""-7.675"", ""360.0""], ""size"": [""0.3"", ""1.6""], ""shape"": ""roundrect"", ""mask_margin"": """"}]"
U2,84,PD3,/MCU/CAN1.SILENT,False,"[{""at"": [""2"", ""-7.675"", ""360.0""], ""size"": [""0.3"", ""1.6""], ""shape"": ""roundrect"", ""mask_margin"": """"}]"
U2,85,PD4,/MCU/IMU3_A_CS,False,"[{""at"": [""1.5"", ""-7.675"", ""360.0""], ""size"": [""0.3"", ""1.6""], ""shape"": ""roundrect"", ""mask_margin"": """"}]"
U2,86,PD5,/MCU/UART2.TX,False,"[{""at"": [""1"", ""-7.675"", ""360.0""], ""size"": [""0.3"", ""1.6""], ""shape"": ""roundrect"", ""mask_margin"": """"}]"
U2,87,PD6,/MCU/UART2.RX,False,"[{""at"": [""0.5"", ""-7.675"", ""360.0""], ""size"": [""0.3"", ""1.6""], ""shape"": ""roundrect"", ""mask_margin"": """"}]"
U2,88,PD7,/MCU/SPI1.MOSI,False,"[{""at"": [""0"", ""-7.675"", ""360.0""], ""size"": [""0.3"", ""1.6""], ""shape"": ""roundrect"", ""mask_margin"": """"}]"
U2,89,PB3,/MCU/SPI3.SCLK,False,"[{""at"": [""-0.5"", ""-7.675"", ""360.0""], ""size"": [""0.3"", ""1.6""], ""shape"": ""roundrect"", ""mask_margin"": """"}]"
U2,90,PB4,/MCU/SPI3.MISO,False,"[{""at"": [""-1"", ""-7.675"", ""360.0""], ""size"": [""0.3"", ""1.6""], ""shape"": ""roundrect"", ""mask_margin"": """"}]"
U2,91,PB5,/MCU/SPI3.MOSI,False,"[{""at"": [""-1.5"", ""-7.675"", ""360.0""], ""size"": [""0.3"", ""1.6""], ""shape"": ""roundrect"", ""mask_margin"": """"}]"
U2,92,PB6,/MCU/I2C1.SCL,False,"[{""at"": [""-2"", ""-7.675"", ""360.0""], ""size"": [""0.3"", ""1.6""], ""shape"": ""roundrect"", ""mask_margin"": """"}]"
U2,93,PB7,/MCU/I2C1.SDA,False,"[{""at"": [""-2.5"", ""-7.675"", ""360.0""], ""size"": [""0.3"", ""1.6""], ""shape"": ""roundrect"", ""mask_margin"": """"}]"
U2,94,BOOT0,/MCU/BOOT0,False,"[{""at"": [""-3"", ""-7.675"", ""360.0""], ""size"": [""0.3"", ""1.6""], ""shape"": ""roundrect"", ""mask_margin"": """"}]"
U2,95,PB8,/MCU/UART4.RX,False,"[{""at"": [""-3.5"", ""-7.675"", ""360.0""], ""size"": [""0.3"", ""1.6""], ""shape"": ""roundrect"", ""mask_margin"": """"}]"
U2,96,PB9,/MCU/UART4.TX,False,"[{""at"": [""-4"", ""-7.675"", ""360.0""], ""size"": [""0.3"", ""1.6""], ""shape"": ""roundrect"", ""mask_margin"": """"}]"
U2,97,PE0,/MCU/UART8.RX,False,"[{""at"": [""-4.5"", ""-7.675"", ""360.0""], ""size"": [""0.3"", ""1.6""], ""shape"": ""roundrect"", ""mask_margin"": """"}]"
U2,98,PE1,/MCU/UART8.TX,False,"[{""at"": [""-5"", ""-7.675"", ""360.0""], ""size"": [""0.3"", ""1.6""], ""shape"": ""roundrect"", ""mask_margin"": """"}]"
U2,99,VSS,GND,False,"[{""at"": [""-5.5"", ""-7.675"", ""360.0""], ""size"": [""0.3"", ""1.6""], ""shape"": ""roundrect"", ""mask_margin"": """"}]"
U2,100,VDD,+3V3_MCU,False,"[{""at"": [""-6"", ""-7.675"", ""360.0""], ""size"": [""0.3"", ""1.6""], ""shape"": ""roundrect"", ""mask_margin"": """"}]"
U3,2,PGOOD,unconnected-(U3-PGOOD-Pad2),True,"[{""at"": [""-0.900"", ""-0.250""], ""size"": [""0.600"", ""0.250""], ""shape"": ""rect"", ""mask_margin"": ""0.05""}]"
U3,3,EN/UVLO,VBAT,False,"[{""at"": [""-0.900"", ""0.250""], ""size"": [""0.600"", ""0.250""], ""shape"": ""rect"", ""mask_margin"": ""0.05""}]"
U3,4,VIN,VBAT,False,"[{""at"": [""-0.661406"", ""0.876844""], ""size"": [""0.20"", ""0.20""], ""shape"": ""custom"", ""mask_margin"": ""0.05""}]"
U3,5,SW,/POWER/SW_5V,False,"[{""at"": [""0.679531"", ""0.805030""], ""size"": [""0.20"", ""0.20""], ""shape"": ""custom"", ""mask_margin"": ""0.05""}]"
U3,6,BOOT,Net-(U3-BOOT),False,"[{""at"": [""0.900"", ""0.250""], ""size"": [""0.600"", ""0.250""], ""shape"": ""rect"", ""mask_margin"": ""0.05""}]"
U3,7,VCC,Net-(U3-VCC),False,"[{""at"": [""0.900"", ""-0.250""], ""size"": [""0.600"", ""0.250""], ""shape"": ""rect"", ""mask_margin"": ""0.05""}]"
U3,8,VOUT/FB,+5V,False,"[{""at"": [""0.665434"", ""-0.840936""], ""size"": [""0.20"", ""0.20""], ""shape"": ""custom"", ""mask_margin"": ""0.05""}]"
U3,9,GND,GND,False,"[{""at"": [""0"", ""-0.550""], ""size"": [""0.350"", ""1.300""], ""shape"": ""rect"", ""mask_margin"": ""0.05""}]"
U3,1,RT,GND,False,"[{""at"": [""-0.661406"", ""-0.876841""], ""size"": [""0.20"", ""0.20""], ""shape"": ""custom"", ""mask_margin"": ""0.05""}]"
U4,1,VIN,VBAT,False,"[{""at"": [""-0.787499"", ""-0.9425""], ""size"": [""0.337497"", ""0.337497""], ""shape"": ""custom"", ""mask_margin"": """"}]"
U4,2,PGND,GND,False,"[{""at"": [""-0.4"", ""0.000001""], ""size"": [""1.7"", ""0.549998""], ""shape"": ""custom"", ""mask_margin"": """"}]"
U4,3,SW,/POWER/SW_9V,False,"[{""at"": [""-0.787499"", ""0.9625""], ""size"": [""0.337497"", ""0.337497""], ""shape"": ""custom"", ""mask_margin"": """"}]"
U4,4,BOOT,Net-(U4-BOOT),False,"[{""at"": [""-0.075001"", ""1.124999""], ""size"": [""0.249999"", ""0.650001""], ""shape"": ""rect"", ""mask_margin"": """"}]"
U4,5,PG,Net-(U4-PG),False,"[{""at"": [""0.687499"", ""1.312499""], ""size"": [""0.247498"", ""0.247498""], ""shape"": ""custom"", ""mask_margin"": """"}]"
U4,6,FB,Net-(U4-FB),False,"[{""at"": [""0.875"", ""0.525"", ""90""], ""size"": [""0.249999"", ""0.650001""], ""shape"": ""rect"", ""mask_margin"": """"}]"
U4,7,MODE/SYNC,Net-(U4-MODE{slash}SYNC),False,"[{""at"": [""0.875"", ""-0.525"", ""90""], ""size"": [""0.249999"", ""0.650001""], ""shape"": ""rect"", ""mask_margin"": """"}]"
U4,8,RT,Net-(U4-MODE{slash}SYNC),False,"[{""at"": [""0.687497"", ""-1.312499""], ""size"": [""0.247498"", ""0.247498""], ""shape"": ""custom"", ""mask_margin"": """"}]"
U4,9,EN,VBAT,False,"[{""at"": [""-0.075001"", ""-1.124999""], ""size"": [""0.249999"", ""0.650001""], ""shape"": ""rect"", ""mask_margin"": """"}]"
U5,1,OUT,+3V3_MCU,False,"[{""at"": [""-1.375"", ""-0.975""], ""size"": [""0.65"", ""0.3""], ""shape"": ""rect"", ""mask_margin"": """"}]"
U5,2,NC,unconnected-(U5-NC-Pad2),True,"[{""at"": [""-1.375"", ""-0.325""], ""size"": [""0.65"", ""0.3""], ""shape"": ""rect"", ""mask_margin"": """"}]"
U5,3,ADJ/NC,unconnected-(U5-ADJ{slash}NC-Pad3),True,"[{""at"": [""-1.375"", ""0.325""], ""size"": [""0.65"", ""0.3""], ""shape"": ""rect"", ""mask_margin"": """"}]"
U5,4,GND,GND,False,"[{""at"": [""-1.375"", ""0.975""], ""size"": [""0.65"", ""0.3""], ""shape"": ""rect"", ""mask_margin"": """"}]"
U5,5,EN,Net-(U5-EN),False,"[{""at"": [""1.375"", ""0.975""], ""size"": [""0.65"", ""0.3""], ""shape"": ""rect"", ""mask_margin"": """"}]"
U5,6,NC,unconnected-(U5-NC-Pad6),True,"[{""at"": [""1.375"", ""0.325""], ""size"": [""0.65"", ""0.3""], ""shape"": ""rect"", ""mask_margin"": """"}]"
U5,7,NC,unconnected-(U5-NC-Pad7),True,"[{""at"": [""1.375"", ""-0.325""], ""size"": [""0.65"", ""0.3""], ""shape"": ""rect"", ""mask_margin"": """"}]"
U5,8,IN,+5V_SYS,False,"[{""at"": [""1.375"", ""-0.975""], ""size"": [""0.65"", ""0.3""], ""shape"": ""rect"", ""mask_margin"": """"}]"
U5,9,EXP,GND,False,"[{""at"": [""0"", ""0""], ""size"": [""1.6"", ""2.35""], ""shape"": ""rect"", ""mask_margin"": """"}]"
U6,1,OUT,+3V3_SENS,False,"[{""at"": [""-1.375"", ""-0.975""], ""size"": [""0.65"", ""0.3""], ""shape"": ""rect"", ""mask_margin"": """"}]"
U6,2,NC,unconnected-(U6-NC-Pad2),True,"[{""at"": [""-1.375"", ""-0.325""], ""size"": [""0.65"", ""0.3""], ""shape"": ""rect"", ""mask_margin"": """"}]"
U6,3,ADJ/NC,unconnected-(U6-ADJ{slash}NC-Pad3),True,"[{""at"": [""-1.375"", ""0.325""], ""size"": [""0.65"", ""0.3""], ""shape"": ""rect"", ""mask_margin"": """"}]"
U6,4,GND,GND,False,"[{""at"": [""-1.375"", ""0.975""], ""size"": [""0.65"", ""0.3""], ""shape"": ""rect"", ""mask_margin"": """"}]"
U6,5,EN,Net-(U6-EN),False,"[{""at"": [""1.375"", ""0.975""], ""size"": [""0.65"", ""0.3""], ""shape"": ""rect"", ""mask_margin"": """"}]"
U6,6,NC,unconnected-(U6-NC-Pad6),True,"[{""at"": [""1.375"", ""0.325""], ""size"": [""0.65"", ""0.3""], ""shape"": ""rect"", ""mask_margin"": """"}]"
U6,7,NC,unconnected-(U6-NC-Pad7),True,"[{""at"": [""1.375"", ""-0.325""], ""size"": [""0.65"", ""0.3""], ""shape"": ""rect"", ""mask_margin"": """"}]"
U6,8,IN,+5V_SYS,False,"[{""at"": [""1.375"", ""-0.975""], ""size"": [""0.65"", ""0.3""], ""shape"": ""rect"", ""mask_margin"": """"}]"
U6,9,EXP,GND,False,"[{""at"": [""0"", ""0""], ""size"": [""1.6"", ""2.35""], ""shape"": ""rect"", ""mask_margin"": """"}]"
U7,1,TXD,/CAN/CAN1.TX,False,"[{""at"": [""-1.45"", ""-0.975"", ""0.0""], ""size"": [""0.85"", ""0.3""], ""shape"": ""roundrect"", ""mask_margin"": """"}]"
U7,2,GND,GND,False,"[{""at"": [""-1.45"", ""-0.325"", ""0.0""], ""size"": [""0.85"", ""0.3""], ""shape"": ""roundrect"", ""mask_margin"": """"}]"
U7,3,VCC,+5V_SYS,False,"[{""at"": [""-1.45"", ""0.325"", ""0.0""], ""size"": [""0.85"", ""0.3""], ""shape"": ""roundrect"", ""mask_margin"": """"}]"
U7,4,RXD,/CAN/CAN1.RX,False,"[{""at"": [""-1.45"", ""0.975"", ""0.0""], ""size"": [""0.85"", ""0.3""], ""shape"": ""roundrect"", ""mask_margin"": """"}]"
U7,5,VIO,+3V3_MCU,False,"[{""at"": [""1.45"", ""0.975"", ""0.0""], ""size"": [""0.85"", ""0.3""], ""shape"": ""roundrect"", ""mask_margin"": """"}]"
U7,6,CANL,/CAN/CAN1_L,False,"[{""at"": [""1.45"", ""0.325"", ""0.0""], ""size"": [""0.85"", ""0.3""], ""shape"": ""roundrect"", ""mask_margin"": """"}]"
U7,7,CANH,/CAN/CAN1_H,False,"[{""at"": [""1.45"", ""-0.325"", ""0.0""], ""size"": [""0.85"", ""0.3""], ""shape"": ""roundrect"", ""mask_margin"": """"}]"
U7,8,S,/CAN/CAN1.SILENT,False,"[{""at"": [""1.45"", ""-0.975"", ""0.0""], ""size"": [""0.85"", ""0.3""], ""shape"": ""roundrect"", ""mask_margin"": """"}]"
U7,9,EP,GND,False,"[{""at"": [""0"", ""-0.0"", ""0.0""], ""size"": [""1.6"", ""2.4""], ""shape"": ""rect"", ""mask_margin"": """"}]"
U8,1,1,+5V_SYS,False,"[{""at"": [""-1.875"", ""-1.85""], ""size"": [""0.6"", ""1.7""], ""shape"": ""roundrect"", ""mask_margin"": """"}]"
U8,2,2,GND,False,"[{""at"": [""-0.625"", ""-1.85""], ""size"": [""0.6"", ""1.7""], ""shape"": ""roundrect"", ""mask_margin"": """"}]"
U8,3,3,/CAN/CAN1_L,False,"[{""at"": [""0.625"", ""-1.85""], ""size"": [""0.6"", ""1.7""], ""shape"": ""roundrect"", ""mask_margin"": """"}]"
U8,4,4,/CAN/CAN1_H,False,"[{""at"": [""1.875"", ""-1.85""], ""size"": [""0.6"", ""1.7""], ""shape"": ""roundrect"", ""mask_margin"": """"}]"
U8,5,5,GND,False,"[{""at"": [""-3.725"", ""1.35""], ""size"": [""1"", ""2.7""], ""shape"": ""roundrect"", ""mask_margin"": """"}]"
U8,6,6,GND,False,"[{""at"": [""3.725"", ""1.35""], ""size"": [""1"", ""2.7""], ""shape"": ""roundrect"", ""mask_margin"": """"}]"
U9,1,INT2,unconnected-(U9-INT2-Pad1),True,"[{""at"": [""-1.5"", ""-1.2625"", ""0""], ""size"": [""0.25"", ""0.675""], ""shape"": ""roundrect"", ""mask_margin"": """"}]"
U9,2,GNDA,GND,False,"[{""at"": [""-1"", ""-1.2625"", ""0""], ""size"": [""0.25"", ""0.675""], ""shape"": ""roundrect"", ""mask_margin"": """"}]"
U9,3,VDD,+3V3_SENS,False,"[{""at"": [""-0.5"", ""-1.2625"", ""0""], ""size"": [""0.25"", ""0.675""], ""shape"": ""roundrect"", ""mask_margin"": """"}]"
U9,4,GNDA,GND,False,"[{""at"": [""0"", ""-1.2625"", ""0""], ""size"": [""0.25"", ""0.675""], ""shape"": ""roundrect"", ""mask_margin"": """"}]"
U9,5,~{CSB2},/MCU/IMU3_G_CS,False,"[{""at"": [""0.5"", ""-1.2625"", ""0""], ""size"": [""0.25"", ""0.675""], ""shape"": ""roundrect"", ""mask_margin"": """"}]"
U9,6,GNDIO,GND,False,"[{""at"": [""1"", ""-1.2625"", ""0""], ""size"": [""0.25"", ""0.675""], ""shape"": ""roundrect"", ""mask_margin"": """"}]"
U9,7,PS,GND,False,"[{""at"": [""1.5"", ""-1.2625"", ""0""], ""size"": [""0.25"", ""0.675""], ""shape"": ""roundrect"", ""mask_margin"": """"}]"
U9,8,SCK/SCL,/SENSORS/SPI3.SCLK,False,"[{""at"": [""2.0125"", ""0"", ""0""], ""size"": [""0.675"", ""0.25""], ""shape"": ""roundrect"", ""mask_margin"": """"}]"
U9,9,SDI/SDA,/SENSORS/SPI3.MOSI,False,"[{""at"": [""1.5"", ""1.2625"", ""0""], ""size"": [""0.25"", ""0.675""], ""shape"": ""roundrect"", ""mask_margin"": """"}]"
U9,10,SDO2,/SENSORS/SPI3.MISO,False,"[{""at"": [""1"", ""1.2625"", ""0""], ""size"": [""0.25"", ""0.675""], ""shape"": ""roundrect"", ""mask_margin"": """"}]"
U9,11,VDDIO,+3V3_MCU,False,"[{""at"": [""0.5"", ""1.2625"", ""0""], ""size"": [""0.25"", ""0.675""], ""shape"": ""roundrect"", ""mask_margin"": """"}]"
U9,12,INT3,unconnected-(U9-INT3-Pad12),True,"[{""at"": [""0"", ""1.2625"", ""0""], ""size"": [""0.25"", ""0.675""], ""shape"": ""roundrect"", ""mask_margin"": """"}]"
U9,13,INT4,unconnected-(U9-INT4-Pad13),True,"[{""at"": [""-0.5"", ""1.2625"", ""0""], ""size"": [""0.25"", ""0.675""], ""shape"": ""roundrect"", ""mask_margin"": """"}]"
U9,14,~{CSB1},/MCU/IMU3_A_CS,False,"[{""at"": [""-1"", ""1.2625"", ""0""], ""size"": [""0.25"", ""0.675""], ""shape"": ""roundrect"", ""mask_margin"": """"}]"
U9,15,SDO1,/SENSORS/SPI3.MISO,False,"[{""at"": [""-1.5"", ""1.2625"", ""0""], ""size"": [""0.25"", ""0.675""], ""shape"": ""roundrect"", ""mask_margin"": """"}]"
U9,16,INT1,unconnected-(U9-INT1-Pad16),True,"[{""at"": [""-2.0125"", ""0"", ""0""], ""size"": [""0.675"", ""0.25""], ""shape"": ""roundrect"", ""mask_margin"": """"}]"
U10,1,SDO/SA0,/SENSORS/SPI4.MISO,False,"[{""at"": [""-1.1625"", ""-0.75"", ""0""], ""size"": [""0.625"", ""0.35""], ""shape"": ""roundrect"", ""mask_margin"": """"}]"
U10,2,SDx/AH1/Qvar1,GND,False,"[{""at"": [""-1.1625"", ""-0.25"", ""0""], ""size"": [""0.625"", ""0.35""], ""shape"": ""roundrect"", ""mask_margin"": """"}]"
U10,3,SCx/AH2/Qvar2,GND,False,"[{""at"": [""-1.1625"", ""0.25"", ""0""], ""size"": [""0.625"", ""0.35""], ""shape"": ""roundrect"", ""mask_margin"": """"}]"
U10,4,INT1,Net-(U10-INT1),False,"[{""at"": [""-1.1625"", ""0.75"", ""0""], ""size"": [""0.625"", ""0.35""], ""shape"": ""roundrect"", ""mask_margin"": """"}]"
U10,5,VDDIO,+3V3_MCU,False,"[{""at"": [""-0.5"", ""0.9125"", ""0""], ""size"": [""0.35"", ""0.625""], ""shape"": ""roundrect"", ""mask_margin"": """"}]"
U10,6,GND,GND,False,"[{""at"": [""0"", ""0.9125"", ""0""], ""size"": [""0.35"", ""0.625""], ""shape"": ""roundrect"", ""mask_margin"": """"}]"
U10,7,GND,GND,False,"[{""at"": [""0.5"", ""0.9125"", ""0""], ""size"": [""0.35"", ""0.625""], ""shape"": ""roundrect"", ""mask_margin"": """"}]"
U10,8,VDD,+3V3_SENS,False,"[{""at"": [""1.1625"", ""0.75"", ""0""], ""size"": [""0.625"", ""0.35""], ""shape"": ""roundrect"", ""mask_margin"": """"}]"
U10,9,INT2,unconnected-(U10-INT2-Pad9),True,"[{""at"": [""1.1625"", ""0.25"", ""0""], ""size"": [""0.625"", ""0.35""], ""shape"": ""roundrect"", ""mask_margin"": """"}]"
U10,10,OCS_Aux,unconnected-(U10-OCS_Aux-Pad10),True,"[{""at"": [""1.1625"", ""-0.25"", ""0""], ""size"": [""0.625"", ""0.35""], ""shape"": ""roundrect"", ""mask_margin"": """"}]"
U10,11,SDO_Aux,unconnected-(U10-SDO_Aux-Pad11),True,"[{""at"": [""1.1625"", ""-0.75"", ""0""], ""size"": [""0.625"", ""0.35""], ""shape"": ""roundrect"", ""mask_margin"": """"}]"
U10,12,CS,/SENSORS/SPI4.CS,False,"[{""at"": [""0.5"", ""-0.9125"", ""0""], ""size"": [""0.35"", ""0.625""], ""shape"": ""roundrect"", ""mask_margin"": """"}]"
U10,13,SCL,/SENSORS/SPI4.SCLK,False,"[{""at"": [""0"", ""-0.9125"", ""0""], ""size"": [""0.35"", ""0.625""], ""shape"": ""roundrect"", ""mask_margin"": """"}]"
U10,14,SDA,/SENSORS/SPI4.MOSI,False,"[{""at"": [""-0.5"", ""-0.9125"", ""0""], ""size"": [""0.35"", ""0.625""], ""shape"": ""roundrect"", ""mask_margin"": """"}]"
U11,1,SDO/AD0,/SENSORS/SPI1.MISO,False,"[{""at"": [""-1.1625"", ""-0.75""], ""size"": [""0.625"", ""0.35""], ""shape"": ""rect"", ""mask_margin"": """"}]"
U11,2,AUX_SDIO/SDI,unconnected-(U11-AUX_SDIO{slash}SDI-Pad2),True,"[{""at"": [""-1.1625"", ""-0.25""], ""size"": [""0.625"", ""0.35""], ""shape"": ""rect"", ""mask_margin"": """"}]"
U11,3,AUX_SCLK,unconnected-(U11-AUX_SCLK-Pad3),True,"[{""at"": [""-1.1625"", ""0.25""], ""size"": [""0.625"", ""0.35""], ""shape"": ""rect"", ""mask_margin"": """"}]"
U11,4,INT1,Net-(U11-INT1),False,"[{""at"": [""-1.1625"", ""0.75""], ""size"": [""0.625"", ""0.35""], ""shape"": ""rect"", ""mask_margin"": """"}]"
U11,5,VDDIO,+3V3_MCU,False,"[{""at"": [""-0.5"", ""0.9125""], ""size"": [""0.35"", ""0.625""], ""shape"": ""rect"", ""mask_margin"": """"}]"
U11,6,GND,GND,False,"[{""at"": [""0.0"", ""0.9125""], ""size"": [""0.35"", ""0.625""], ""shape"": ""rect"", ""mask_margin"": """"}]"
U11,7,RESV,unconnected-(U11-RESV-Pad7),True,"[{""at"": [""0.5"", ""0.9125""], ""size"": [""0.35"", ""0.625""], ""shape"": ""rect"", ""mask_margin"": """"}]"
U11,8,VDD,+3V3_SENS,False,"[{""at"": [""1.1625"", ""0.75""], ""size"": [""0.625"", ""0.35""], ""shape"": ""rect"", ""mask_margin"": """"}]"
U11,9,INT2/FSYNC/CLKIN,Net-(U11-INT2{slash}FSYNC{slash}CLKIN),False,"[{""at"": [""1.1625"", ""0.25""], ""size"": [""0.625"", ""0.35""], ""shape"": ""rect"", ""mask_margin"": """"}]"
U11,10,AUX_CS,unconnected-(U11-AUX_CS-Pad10),True,"[{""at"": [""1.1625"", ""-0.25""], ""size"": [""0.625"", ""0.35""], ""shape"": ""rect"", ""mask_margin"": """"}]"
U11,11,AUX_SDO,unconnected-(U11-AUX_SDO-Pad11),True,"[{""at"": [""1.1625"", ""-0.75""], ""size"": [""0.625"", ""0.35""], ""shape"": ""rect"", ""mask_margin"": """"}]"
U11,12,CS,/SENSORS/SPI1.CS,False,"[{""at"": [""0.5"", ""-0.9125""], ""size"": [""0.35"", ""0.625""], ""shape"": ""rect"", ""mask_margin"": """"}]"
U11,13,SCLK/SCL,/SENSORS/SPI1.SCLK,False,"[{""at"": [""0.0"", ""-0.9125""], ""size"": [""0.35"", ""0.625""], ""shape"": ""rect"", ""mask_margin"": """"}]"
U11,14,SDI/SDIO/SDA,/SENSORS/SPI1.MOSI,False,"[{""at"": [""-0.5"", ""-0.9125""], ""size"": [""0.35"", ""0.625""], ""shape"": ""rect"", ""mask_margin"": """"}]"
U12,1,VDDIO,+3V3_MCU,False,"[{""at"": [""-0.7625"", ""-0.25"", ""90""], ""size"": [""0.3"", ""0.325""], ""shape"": ""rect"", ""mask_margin"": """"}]"
U12,2,SCK,/SENSORS/SPI2.SCLK,False,"[{""at"": [""-0.7625"", ""0.25"", ""90""], ""size"": [""0.3"", ""0.325""], ""shape"": ""rect"", ""mask_margin"": """"}]"
U12,3,VSS,GND,False,"[{""at"": [""-0.5"", ""0.7625""], ""size"": [""0.3"", ""0.325""], ""shape"": ""rect"", ""mask_margin"": """"}]"
U12,4,SDI,/SENSORS/SPI2.MOSI,False,"[{""at"": [""0"", ""0.7625""], ""size"": [""0.3"", ""0.325""], ""shape"": ""rect"", ""mask_margin"": """"}]"
U12,5,SDO,/SENSORS/SPI2.MISO,False,"[{""at"": [""0.5"", ""0.7625""], ""size"": [""0.3"", ""0.325""], ""shape"": ""rect"", ""mask_margin"": """"}]"
U12,6,CSB,/SENSORS/SPI2.CS,False,"[{""at"": [""0.7625"", ""0.25"", ""90""], ""size"": [""0.3"", ""0.325""], ""shape"": ""rect"", ""mask_margin"": """"}]"
U12,7,INT,GND,False,"[{""at"": [""0.7625"", ""-0.25"", ""90""], ""size"": [""0.3"", ""0.325""], ""shape"": ""rect"", ""mask_margin"": """"}]"
U12,8,VSS,GND,False,"[{""at"": [""0.5"", ""-0.7625""], ""size"": [""0.3"", ""0.325""], ""shape"": ""rect"", ""mask_margin"": """"}]"
U12,9,VSS,GND,False,"[{""at"": [""0"", ""-0.7625""], ""size"": [""0.3"", ""0.325""], ""shape"": ""rect"", ""mask_margin"": """"}]"
U12,10,VDD,+3V3_SENS,False,"[{""at"": [""-0.5"", ""-0.7625""], ""size"": [""0.3"", ""0.325""], ""shape"": ""rect"", ""mask_margin"": """"}]"
U13,1,GND,GND,False,"[{""at"": [""-0.975"", ""-0.725""], ""size"": [""0.45"", ""0.45""], ""shape"": ""rect"", ""mask_margin"": ""-0.05""}]"
U13,2,CSB,+3V3_MCU,False,"[{""at"": [""-0.325"", ""-0.725""], ""size"": [""0.45"", ""0.45""], ""shape"": ""rect"", ""mask_margin"": ""-0.05""}]"
U13,5,SDO,unconnected-(U13-SDO-Pad5),True,"[{""at"": [""0.975"", ""0.725""], ""size"": [""0.45"", ""0.45""], ""shape"": ""rect"", ""mask_margin"": ""-0.05""}]"
U13,6,VDDIO,+3V3_MCU,False,"[{""at"": [""0.325"", ""0.725""], ""size"": [""0.45"", ""0.45""], ""shape"": ""rect"", ""mask_margin"": ""-0.05""}]"
U13,7,GND,GND,False,"[{""at"": [""-0.325"", ""0.725""], ""size"": [""0.45"", ""0.45""], ""shape"": ""rect"", ""mask_margin"": ""-0.05""}]"
U13,8,VDD,+3V3_SENS,False,"[{""at"": [""-0.975"", ""0.725""], ""size"": [""0.45"", ""0.45""], ""shape"": ""rect"", ""mask_margin"": ""-0.05""}]"
U13,3,SDA,/SENSORS/I2C2.SDA,False,"[{""at"": [""0.325"", ""-0.725""], ""size"": [""0.45"", ""0.45""], ""shape"": ""rect"", ""mask_margin"": ""-0.05""}]"
U13,4,SCL,/SENSORS/I2C2.SCL,False,"[{""at"": [""0.975"", ""-0.725""], ""size"": [""0.45"", ""0.45""], ""shape"": ""rect"", ""mask_margin"": ""-0.05""}]"
U14,1,1,VBAT,False,"[{""at"": [""-3.5"", ""-2""], ""size"": [""0.6"", ""1.55""], ""shape"": ""roundrect"", ""mask_margin"": """"}]"
U14,2,2,GND,False,"[{""at"": [""-2.5"", ""-2""], ""size"": [""0.6"", ""1.55""], ""shape"": ""roundrect"", ""mask_margin"": """"}]"
U14,3,3,/MCU/ADC_CURR1,False,"[{""at"": [""-1.5"", ""-2""], ""size"": [""0.6"", ""1.55""], ""shape"": ""roundrect"", ""mask_margin"": """"}]"
U14,4,4,/MOTORS[1-4]/UART8.RX,False,"[{""at"": [""-0.5"", ""-2""], ""size"": [""0.6"", ""1.55""], ""shape"": ""roundrect"", ""mask_margin"": """"}]"
U14,5,5,/MOTORS[1-4]/S1,False,"[{""at"": [""0.5"", ""-2""], ""size"": [""0.6"", ""1.55""], ""shape"": ""roundrect"", ""mask_margin"": """"}]"
U14,6,6,/MOTORS[1-4]/S2,False,"[{""at"": [""1.5"", ""-2""], ""size"": [""0.6"", ""1.55""], ""shape"": ""roundrect"", ""mask_margin"": """"}]"
U14,7,7,/MOTORS[1-4]/S3,False,"[{""at"": [""2.5"", ""-2""], ""size"": [""0.6"", ""1.55""], ""shape"": ""roundrect"", ""mask_margin"": """"}]"
U14,8,8,/MOTORS[1-4]/S4,False,"[{""at"": [""3.5"", ""-2""], ""size"": [""0.6"", ""1.55""], ""shape"": ""roundrect"", ""mask_margin"": """"}]"
U14,9,9,GND,False,"[{""at"": [""-4.8"", ""1.875""], ""size"": [""1.2"", ""1.8""], ""shape"": ""roundrect"", ""mask_margin"": """"}]"
U14,10,10,GND,False,"[{""at"": [""4.8"", ""1.875""], ""size"": [""1.2"", ""1.8""], ""shape"": ""roundrect"", ""mask_margin"": """"}]"
USB1,A1/B12,GND,GND,False,"[{""at"": [""-3.1"", ""-3.05""], ""size"": [""0.52"", ""1""], ""shape"": ""roundrect"", ""mask_margin"": """"}]"
USB1,A4/B9,VBUS,VBUS,False,"[{""at"": [""-2.35"", ""-3.05""], ""size"": [""0.52"", ""1""], ""shape"": ""roundrect"", ""mask_margin"": """"}]"
USB1,A5,CC1,Net-(USB1-CC1),False,"[{""at"": [""-1.75"", ""-3.05""], ""size"": [""0.27"", ""1""], ""shape"": ""roundrect"", ""mask_margin"": """"}]"
USB1,A6,D+,/USB_OTG.DP,False,"[{""at"": [""-0.25"", ""-3.05""], ""size"": [""0.27"", ""1""], ""shape"": ""roundrect"", ""mask_margin"": """"}]"
USB1,A7,D-,/USB_OTG.DN,False,"[{""at"": [""0.75"", ""-3.05""], ""size"": [""0.27"", ""1""], ""shape"": ""roundrect"", ""mask_margin"": """"}]"
USB1,A8,SBU1,unconnected-(USB1-SBU1-PadA8),True,"[{""at"": [""1.75"", ""-3.05""], ""size"": [""0.27"", ""1""], ""shape"": ""roundrect"", ""mask_margin"": """"}]"
USB1,A12/B1,GND,GND,False,"[{""at"": [""3.1"", ""-3.05""], ""size"": [""0.52"", ""1""], ""shape"": ""roundrect"", ""mask_margin"": """"}]"
USB1,B4/A9,VBUS,VBUS,False,"[{""at"": [""2.35"", ""-3.05""], ""size"": [""0.52"", ""1""], ""shape"": ""roundrect"", ""mask_margin"": """"}]"
USB1,B5,CC2,Net-(USB1-CC2),False,"[{""at"": [""1.25"", ""-3.05""], ""size"": [""0.27"", ""1""], ""shape"": ""roundrect"", ""mask_margin"": """"}]"
USB1,B6,D+,/USB_OTG.DP,False,"[{""at"": [""0.25"", ""-3.05""], ""size"": [""0.27"", ""1""], ""shape"": ""roundrect"", ""mask_margin"": """"}]"
USB1,B7,D-,/USB_OTG.DN,False,"[{""at"": [""-0.75"", ""-3.05""], ""size"": [""0.27"", ""1""], ""shape"": ""roundrect"", ""mask_margin"": """"}]"
USB1,B8,SBU2,unconnected-(USB1-SBU2-PadB8),True,"[{""at"": [""-1.25"", ""-3.05""], ""size"": [""0.27"", ""1""], ""shape"": ""roundrect"", ""mask_margin"": """"}]"
USB1,SH1,SHIELD,GND,False,"[{""at"": [""-1.4"", ""1.15""], ""size"": [""1"", ""2""], ""shape"": ""roundrect"", ""mask_margin"": """"}]"
USB1,SH2,SHIELD,GND,False,"[{""at"": [""1.4"", ""1.15""], ""size"": [""1"", ""2""], ""shape"": ""roundrect"", ""mask_margin"": """"}]"
USB1,SH3,SHIELD,GND,False,"[{""at"": [""-4.32"", ""-2.675""], ""size"": [""1.158"", ""2.316""], ""shape"": ""oval"", ""mask_margin"": """"}]"
USB1,SH4,SHIELD,GND,False,"[{""at"": [""4.32"", ""-2.675""], ""size"": [""1.158"", ""2.316""], ""shape"": ""oval"", ""mask_margin"": """"}]"
USB1,SH5,SHIELD,GND,False,"[{""at"": [""-4.32"", ""1.15""], ""size"": [""1.2"", ""2.4""], ""shape"": ""oval"", ""mask_margin"": """"}]"
USB1,SH6,SHIELD,GND,False,"[{""at"": [""4.32"", ""1.15""], ""size"": [""1.2"", ""2.4""], ""shape"": ""oval"", ""mask_margin"": """"}]"
Y1,1,1,/MCU/OSC_IN,False,"[{""at"": [""-1.2"", ""0""], ""size"": [""0.4"", ""1.9""], ""shape"": ""rect"", ""mask_margin"": """"}]"
Y1,2,2,GND,False,"[{""at"": [""0"", ""0""], ""size"": [""0.4"", ""1.9""], ""shape"": ""rect"", ""mask_margin"": """"}]"
Y1,3,3,/MCU/OSC_OUT,False,"[{""at"": [""1.2"", ""0""], ""size"": [""0.4"", ""1.9""], ""shape"": ""rect"", ""mask_margin"": """"}]"
