Sheet;Reference;Symbol;Role
MCU.kicad_sch;C10;FC01_Project:MCU__C_Small;Physical PCB reference
MCU.kicad_sch;R6;FC01_Project:MCU__R_Small;Physical PCB reference
MCU.kicad_sch;#PWR010;FC01_Project:MCU__+3V3;"Network/power symbol; footprint, 3D and purchase not applicable"
MCU.kicad_sch;C5;FC01_Project:MCU__C_Small;Physical PCB reference
MCU.kicad_sch;TP3;FC01_Project:MCU__TestPoint;Physical PCB reference
MCU.kicad_sch;#PWR016;FC01_Project:MCU__GND;"Network/power symbol; footprint, 3D and purchase not applicable"
MCU.kicad_sch;#PWR022;FC01_Project:MCU__+3V3;"Network/power symbol; footprint, 3D and purchase not applicable"
MCU.kicad_sch;#PWR019;FC01_Project:MCU__GND;"Network/power symbol; footprint, 3D and purchase not applicable"
MCU.kicad_sch;R7;FC01_Project:MCU__R_Small;Physical PCB reference
MCU.kicad_sch;R4;FC01_Project:MCU__R_Small;Physical PCB reference
MCU.kicad_sch;C8;FC01_Project:MCU__C_Small;Physical PCB reference
MCU.kicad_sch;#PWR012;FC01_Project:MCU__GND;"Network/power symbol; footprint, 3D and purchase not applicable"
MCU.kicad_sch;#PWR015;FC01_Project:MCU__GND;"Network/power symbol; footprint, 3D and purchase not applicable"
MCU.kicad_sch;#PWR020;FC01_Project:MCU__GND;"Network/power symbol; footprint, 3D and purchase not applicable"
MCU.kicad_sch;C4;FC01_Project:MCU__C_Small;Physical PCB reference
MCU.kicad_sch;C9;FC01_Project:MCU__C_Small;Physical PCB reference
MCU.kicad_sch;C7;FC01_Project:MCU__C_Small;Physical PCB reference
MCU.kicad_sch;C14;FC01_Project:MCU__C_Small;Physical PCB reference
MCU.kicad_sch;C12;FC01_Project:MCU__C_Small;Physical PCB reference
MCU.kicad_sch;Y1;FC01_Project:MCU__Crystal_GND3_Small;Physical PCB reference
MCU.kicad_sch;D1;FC01_Project:MCU__LED_RGB_EP_1;Physical PCB reference
MCU.kicad_sch;C2;FC01_Project:MCU__C_Small;Physical PCB reference
MCU.kicad_sch;#PWR014;FC01_Project:MCU__GND;"Network/power symbol; footprint, 3D and purchase not applicable"
MCU.kicad_sch;#PWR017;FC01_Project:MCU__VDD;"Network/power symbol; footprint, 3D and purchase not applicable"
MCU.kicad_sch;C1;FC01_Project:MCU__C_Small;Physical PCB reference
MCU.kicad_sch;C15;FC01_Project:MCU__C_Small;Physical PCB reference
MCU.kicad_sch;C3;FC01_Project:MCU__C_Small;Physical PCB reference
MCU.kicad_sch;#PWR018;FC01_Project:MCU__GND;"Network/power symbol; footprint, 3D and purchase not applicable"
MCU.kicad_sch;R5;FC01_Project:MCU__R_Small;Physical PCB reference
MCU.kicad_sch;C6;FC01_Project:MCU__C_Small;Physical PCB reference
MCU.kicad_sch;TP2;FC01_Project:MCU__TestPoint;Physical PCB reference
MCU.kicad_sch;#PWR021;FC01_Project:MCU__+3V3;"Network/power symbol; footprint, 3D and purchase not applicable"
MCU.kicad_sch;C11;FC01_Project:MCU__C_Small;Physical PCB reference
MCU.kicad_sch;#PWR011;FC01_Project:MCU__+3V3;"Network/power symbol; footprint, 3D and purchase not applicable"
MCU.kicad_sch;U2;FC01_Project:MCU__STM32H743VITx;Physical PCB reference
MCU.kicad_sch;JP1;FC01_Project:MCU__SolderJumper_2_Open;Physical PCB reference
MCU.kicad_sch;TP4;FC01_Project:MCU__TestPoint;Physical PCB reference
MCU.kicad_sch;FB1;FC01_Project:MCU__FerriteBead_Small;Physical PCB reference
MCU.kicad_sch;R3;FC01_Project:MCU__R_Small;Physical PCB reference
MCU.kicad_sch;#PWR09;FC01_Project:MCU__GND;"Network/power symbol; footprint, 3D and purchase not applicable"
MCU.kicad_sch;TP1;FC01_Project:MCU__TestPoint;Physical PCB reference
MCU.kicad_sch;#PWR013;FC01_Project:MCU__GND;"Network/power symbol; footprint, 3D and purchase not applicable"
MCU.kicad_sch;#PWR023;FC01_Project:MCU__GND;"Network/power symbol; footprint, 3D and purchase not applicable"
MOTORS[1-4].kicad_sch;#PWR0125;FC01_Project:MOTORS1-4__GND;"Network/power symbol; footprint, 3D and purchase not applicable"
MOTORS[1-4].kicad_sch;R47;FC01_Project:MOTORS1-4__R_Small;Physical PCB reference
MOTORS[1-4].kicad_sch;R49;FC01_Project:MOTORS1-4__R_Small;Physical PCB reference
MOTORS[1-4].kicad_sch;R50;FC01_Project:MOTORS1-4__R_Small;Physical PCB reference
MOTORS[1-4].kicad_sch;#PWR0124;FC01_Project:MOTORS1-4__VAA;"Network/power symbol; footprint, 3D and purchase not applicable"
MOTORS[1-4].kicad_sch;R48;FC01_Project:MOTORS1-4__R_Small;Physical PCB reference
MOTORS[1-4].kicad_sch;U14;FC01_Project:MOTORS1-4__JST_SH_SM08B_SRSS_TB_8P;Physical PCB reference
ANALOG_SENS.kicad_sch;R17;FC01_Project:ANALOG_SENS__R_Small;Physical PCB reference
ANALOG_SENS.kicad_sch;#PWR060;FC01_Project:ANALOG_SENS__GND;"Network/power symbol; footprint, 3D and purchase not applicable"
ANALOG_SENS.kicad_sch;R14;FC01_Project:ANALOG_SENS__R_Small;Physical PCB reference
ANALOG_SENS.kicad_sch;C35;FC01_Project:ANALOG_SENS__C_Small;Physical PCB reference
ANALOG_SENS.kicad_sch;#PWR058;FC01_Project:ANALOG_SENS__GND;"Network/power symbol; footprint, 3D and purchase not applicable"
ANALOG_SENS.kicad_sch;R16;FC01_Project:ANALOG_SENS__R_Small;Physical PCB reference
ANALOG_SENS.kicad_sch;C34;FC01_Project:ANALOG_SENS__C_Small;Physical PCB reference
ANALOG_SENS.kicad_sch;C33;FC01_Project:ANALOG_SENS__C_Small;Physical PCB reference
ANALOG_SENS.kicad_sch;#PWR054;FC01_Project:ANALOG_SENS__VAA;"Network/power symbol; footprint, 3D and purchase not applicable"
ANALOG_SENS.kicad_sch;#PWR061;FC01_Project:ANALOG_SENS__GND;"Network/power symbol; footprint, 3D and purchase not applicable"
ANALOG_SENS.kicad_sch;#PWR056;FC01_Project:ANALOG_SENS__GND;"Network/power symbol; footprint, 3D and purchase not applicable"
ANALOG_SENS.kicad_sch;R15;FC01_Project:ANALOG_SENS__R_Small;Physical PCB reference
ANALOG_SENS.kicad_sch;R19;FC01_Project:ANALOG_SENS__R_Small;Physical PCB reference
ANALOG_SENS.kicad_sch;#PWR057;FC01_Project:ANALOG_SENS__GND;"Network/power symbol; footprint, 3D and purchase not applicable"
ANALOG_SENS.kicad_sch;#PWR055;FC01_Project:ANALOG_SENS__GND;"Network/power symbol; footprint, 3D and purchase not applicable"
ANALOG_SENS.kicad_sch;#PWR053;FC01_Project:ANALOG_SENS__GND;"Network/power symbol; footprint, 3D and purchase not applicable"
ANALOG_SENS.kicad_sch;R18;FC01_Project:ANALOG_SENS__R_Small;Physical PCB reference
ANALOG_SENS.kicad_sch;#PWR059;FC01_Project:ANALOG_SENS__GND;"Network/power symbol; footprint, 3D and purchase not applicable"
ANALOG_SENS.kicad_sch;J1;FC01_Project:ANALOG_SENS__Conn_01x04;Physical PCB reference
CAN.kicad_sch;J13;FC01_Project:CAN__Conn_01x04;Physical PCB reference
CAN.kicad_sch;C43;FC01_Project:CAN__C_Small;Physical PCB reference
CAN.kicad_sch;#PWR082;FC01_Project:CAN__+5V;"Network/power symbol; footprint, 3D and purchase not applicable"
CAN.kicad_sch;#PWR086;FC01_Project:CAN__+5V;"Network/power symbol; footprint, 3D and purchase not applicable"
CAN.kicad_sch;#PWR084;FC01_Project:CAN__GND;"Network/power symbol; footprint, 3D and purchase not applicable"
CAN.kicad_sch;#PWR081;FC01_Project:CAN__GND;"Network/power symbol; footprint, 3D and purchase not applicable"
CAN.kicad_sch;C42;FC01_Project:CAN__C_Small;Physical PCB reference
CAN.kicad_sch;#PWR080;FC01_Project:CAN__+3V3;"Network/power symbol; footprint, 3D and purchase not applicable"
CAN.kicad_sch;#PWR085;FC01_Project:CAN__GND;"Network/power symbol; footprint, 3D and purchase not applicable"
CAN.kicad_sch;#PWR0126;FC01_Project:CAN__GND;"Network/power symbol; footprint, 3D and purchase not applicable"
CAN.kicad_sch;U7;FC01_Project:CAN__TJA1057GTK-3;Physical PCB reference
CAN.kicad_sch;#PWR0127;FC01_Project:CAN__+5V;"Network/power symbol; footprint, 3D and purchase not applicable"
CAN.kicad_sch;D5;FC01_Project:CAN__PESD2CAN;Physical PCB reference
CAN.kicad_sch;U8;FC01_Project:CAN__JST_GH_SM04B_GHS_TB_4P;Physical PCB reference
CAN.kicad_sch;#PWR087;FC01_Project:CAN__GND;"Network/power symbol; footprint, 3D and purchase not applicable"
CAN.kicad_sch;J14;FC01_Project:CAN__Conn_01x04;Physical PCB reference
CAN.kicad_sch;#PWR083;FC01_Project:CAN__GND;"Network/power symbol; footprint, 3D and purchase not applicable"
MICRO_SD.kicad_sch;R45;FC01_Project:MICRO_SD__R_Small;Physical PCB reference
MICRO_SD.kicad_sch;R44;FC01_Project:MICRO_SD__R_Small;Physical PCB reference
MICRO_SD.kicad_sch;R41;FC01_Project:MICRO_SD__R_Small;Physical PCB reference
MICRO_SD.kicad_sch;#PWR0122;FC01_Project:MICRO_SD__GND;"Network/power symbol; footprint, 3D and purchase not applicable"
MICRO_SD.kicad_sch;R43;FC01_Project:MICRO_SD__R_Small;Physical PCB reference
MICRO_SD.kicad_sch;R51;FC01_Project:MICRO_SD__R_Small;Physical PCB reference
MICRO_SD.kicad_sch;R42;FC01_Project:MICRO_SD__R_Small;Physical PCB reference
MICRO_SD.kicad_sch;C58;FC01_Project:MICRO_SD__C_Small;Physical PCB reference
MICRO_SD.kicad_sch;J12;FC01_Project:MICRO_SD__Micro_SD_Card;Physical PCB reference
MICRO_SD.kicad_sch;C57;FC01_Project:MICRO_SD__C_Small;Physical PCB reference
MICRO_SD.kicad_sch;R46;FC01_Project:MICRO_SD__R_Small;Physical PCB reference
MICRO_SD.kicad_sch;#PWR0121;FC01_Project:MICRO_SD__+3V3;"Network/power symbol; footprint, 3D and purchase not applicable"
MICRO_SD.kicad_sch;#PWR0123;FC01_Project:MICRO_SD__GND;"Network/power symbol; footprint, 3D and purchase not applicable"
H743_Ardupilot.kicad_sch;#PWR07;FC01_Project:H743_Ardupilot__GND;"Network/power symbol; footprint, 3D and purchase not applicable"
H743_Ardupilot.kicad_sch;#PWR03;FC01_Project:H743_Ardupilot__VBUS;"Network/power symbol; footprint, 3D and purchase not applicable"
H743_Ardupilot.kicad_sch;#PWR01;FC01_Project:H743_Ardupilot__GND;"Network/power symbol; footprint, 3D and purchase not applicable"
H743_Ardupilot.kicad_sch;#PWR02;FC01_Project:H743_Ardupilot__GND;"Network/power symbol; footprint, 3D and purchase not applicable"
H743_Ardupilot.kicad_sch;R1;FC01_Project:H743_Ardupilot__R_Small;Physical PCB reference
H743_Ardupilot.kicad_sch;R2;FC01_Project:H743_Ardupilot__R_Small;Physical PCB reference
H743_Ardupilot.kicad_sch;H2;FC01_Project:H743_Ardupilot__MountingHole_Pad;Physical PCB reference
H743_Ardupilot.kicad_sch;#PWR05;FC01_Project:H743_Ardupilot__GND;"Network/power symbol; footprint, 3D and purchase not applicable"
H743_Ardupilot.kicad_sch;#PWR04;FC01_Project:H743_Ardupilot__GND;"Network/power symbol; footprint, 3D and purchase not applicable"
H743_Ardupilot.kicad_sch;#PWR06;FC01_Project:H743_Ardupilot__GND;"Network/power symbol; footprint, 3D and purchase not applicable"
H743_Ardupilot.kicad_sch;H1;FC01_Project:H743_Ardupilot__MountingHole_Pad;Physical PCB reference
H743_Ardupilot.kicad_sch;H3;FC01_Project:H743_Ardupilot__MountingHole_Pad;Physical PCB reference
H743_Ardupilot.kicad_sch;USB1;FC01_Project:H743_Ardupilot__USB_C_Receptacle_USB2.0_16P_JAE_DX07S016JA1R1500;Physical PCB reference
H743_Ardupilot.kicad_sch;#PWR08;FC01_Project:H743_Ardupilot__GND;"Network/power symbol; footprint, 3D and purchase not applicable"
H743_Ardupilot.kicad_sch;H4;FC01_Project:H743_Ardupilot__MountingHole_Pad;Physical PCB reference
H743_Ardupilot.kicad_sch;U1;FC01_Project:H743_Ardupilot__USBLC6-2P6;Physical PCB reference
SENSORS.kicad_sch;C46;FC01_Project:SENSORS__C_Small;Physical PCB reference
SENSORS.kicad_sch;#PWR093;FC01_Project:SENSORS__+3V3;"Network/power symbol; footprint, 3D and purchase not applicable"
SENSORS.kicad_sch;R34;FC01_Project:SENSORS__R_Small;Physical PCB reference
SENSORS.kicad_sch;U10;FC01_Project:SENSORS__LSM6DSV16X;Physical PCB reference
SENSORS.kicad_sch;#PWR098;FC01_Project:SENSORS__+3V3;"Network/power symbol; footprint, 3D and purchase not applicable"
SENSORS.kicad_sch;#PWR0109;FC01_Project:SENSORS__+3V3;"Network/power symbol; footprint, 3D and purchase not applicable"
SENSORS.kicad_sch;#PWR0105;FC01_Project:SENSORS__+5V;"Network/power symbol; footprint, 3D and purchase not applicable"
SENSORS.kicad_sch;C52;FC01_Project:SENSORS__C_Small;Physical PCB reference
SENSORS.kicad_sch;R35;FC01_Project:SENSORS__R_Small;Physical PCB reference
SENSORS.kicad_sch;#PWR0100;FC01_Project:SENSORS__GND;"Network/power symbol; footprint, 3D and purchase not applicable"
SENSORS.kicad_sch;#PWR0103;FC01_Project:SENSORS__+3V3;"Network/power symbol; footprint, 3D and purchase not applicable"
SENSORS.kicad_sch;C48;FC01_Project:SENSORS__C_Small;Physical PCB reference
SENSORS.kicad_sch;C56;FC01_Project:SENSORS__C_Small;Physical PCB reference
SENSORS.kicad_sch;#PWR097;FC01_Project:SENSORS__+3V3;"Network/power symbol; footprint, 3D and purchase not applicable"
SENSORS.kicad_sch;C49;FC01_Project:SENSORS__C_Small;Physical PCB reference
SENSORS.kicad_sch;U13;FC01_Project:SENSORS__DPS368XTSA1_1;Physical PCB reference
SENSORS.kicad_sch;R37;FC01_Project:SENSORS__R_Small;Physical PCB reference
SENSORS.kicad_sch;J9;FC01_Project:SENSORS__Conn_01x04;Physical PCB reference
SENSORS.kicad_sch;#PWR0102;FC01_Project:SENSORS__GND;"Network/power symbol; footprint, 3D and purchase not applicable"
SENSORS.kicad_sch;C44;FC01_Project:SENSORS__C_Small;Physical PCB reference
SENSORS.kicad_sch;#PWR088;FC01_Project:SENSORS__GND;"Network/power symbol; footprint, 3D and purchase not applicable"
SENSORS.kicad_sch;#PWR0113;FC01_Project:SENSORS__GND;"Network/power symbol; footprint, 3D and purchase not applicable"
SENSORS.kicad_sch;U9;FC01_Project:SENSORS__BMI088;Physical PCB reference
SENSORS.kicad_sch;#PWR0115;FC01_Project:SENSORS__GND;"Network/power symbol; footprint, 3D and purchase not applicable"
SENSORS.kicad_sch;C47;FC01_Project:SENSORS__C_Small;Physical PCB reference
SENSORS.kicad_sch;#PWR0101;FC01_Project:SENSORS__GND;"Network/power symbol; footprint, 3D and purchase not applicable"
SENSORS.kicad_sch;R38;FC01_Project:SENSORS__R_Small;Physical PCB reference
SENSORS.kicad_sch;#PWR0104;FC01_Project:SENSORS__+3V3;"Network/power symbol; footprint, 3D and purchase not applicable"
SENSORS.kicad_sch;C55;FC01_Project:SENSORS__C_Small;Physical PCB reference
SENSORS.kicad_sch;#PWR096;FC01_Project:SENSORS__GND;"Network/power symbol; footprint, 3D and purchase not applicable"
SENSORS.kicad_sch;C50;FC01_Project:SENSORS__C_Small;Physical PCB reference
SENSORS.kicad_sch;#PWR090;FC01_Project:SENSORS__GND;"Network/power symbol; footprint, 3D and purchase not applicable"
SENSORS.kicad_sch;C51;FC01_Project:SENSORS__C_Small;Physical PCB reference
SENSORS.kicad_sch;#PWR0111;FC01_Project:SENSORS__+5V;"Network/power symbol; footprint, 3D and purchase not applicable"
SENSORS.kicad_sch;#PWR089;FC01_Project:SENSORS__GND;"Network/power symbol; footprint, 3D and purchase not applicable"
SENSORS.kicad_sch;#PWR0114;FC01_Project:SENSORS__+3V3;"Network/power symbol; footprint, 3D and purchase not applicable"
SENSORS.kicad_sch;#PWR091;FC01_Project:SENSORS__GND;"Network/power symbol; footprint, 3D and purchase not applicable"
SENSORS.kicad_sch;#PWR0106;FC01_Project:SENSORS__GND;"Network/power symbol; footprint, 3D and purchase not applicable"
SENSORS.kicad_sch;#PWR0112;FC01_Project:SENSORS__GND;"Network/power symbol; footprint, 3D and purchase not applicable"
SENSORS.kicad_sch;U12;FC01_Project:SENSORS__BMP581;Physical PCB reference
SENSORS.kicad_sch;#PWR0110;FC01_Project:SENSORS__GND;"Network/power symbol; footprint, 3D and purchase not applicable"
SENSORS.kicad_sch;R36;FC01_Project:SENSORS__R_Small;Physical PCB reference
SENSORS.kicad_sch;C45;FC01_Project:SENSORS__C_Small;Physical PCB reference
SENSORS.kicad_sch;J8;FC01_Project:SENSORS__Conn_01x04;Physical PCB reference
SENSORS.kicad_sch;#PWR095;FC01_Project:SENSORS__+3V3;"Network/power symbol; footprint, 3D and purchase not applicable"
SENSORS.kicad_sch;C54;FC01_Project:SENSORS__C_Small;Physical PCB reference
SENSORS.kicad_sch;#PWR099;FC01_Project:SENSORS__GND;"Network/power symbol; footprint, 3D and purchase not applicable"
SENSORS.kicad_sch;#PWR092;FC01_Project:SENSORS__+3V3;"Network/power symbol; footprint, 3D and purchase not applicable"
SENSORS.kicad_sch;U11;FC01_Project:SENSORS__ICM-45686;Physical PCB reference
SENSORS.kicad_sch;C53;FC01_Project:SENSORS__C_Small;Physical PCB reference
SENSORS.kicad_sch;#PWR094;FC01_Project:SENSORS__+3V3;"Network/power symbol; footprint, 3D and purchase not applicable"
SENSORS.kicad_sch;#PWR0107;FC01_Project:SENSORS__GND;"Network/power symbol; footprint, 3D and purchase not applicable"
SENSORS.kicad_sch;#PWR0108;FC01_Project:SENSORS__GND;"Network/power symbol; footprint, 3D and purchase not applicable"
POWER.kicad_sch;U6;FC01_Project:POWER__AP7361C-33FGE-7;Physical PCB reference
POWER.kicad_sch;D3;FC01_Project:POWER__1N5819WS;Physical PCB reference
POWER.kicad_sch;#PWR047;FC01_Project:POWER__GND;"Network/power symbol; footprint, 3D and purchase not applicable"
POWER.kicad_sch;#PWR027;FC01_Project:POWER__VAA;"Network/power symbol; footprint, 3D and purchase not applicable"
POWER.kicad_sch;#PWR039;FC01_Project:POWER__GND;"Network/power symbol; footprint, 3D and purchase not applicable"
POWER.kicad_sch;#PWR036;FC01_Project:POWER__+5V;"Network/power symbol; footprint, 3D and purchase not applicable"
POWER.kicad_sch;U5;FC01_Project:POWER__AP7361C-33FGE-7;Physical PCB reference
POWER.kicad_sch;#PWR048;FC01_Project:POWER__GND;"Network/power symbol; footprint, 3D and purchase not applicable"
POWER.kicad_sch;L2;FC01_Project:POWER__L;Physical PCB reference
POWER.kicad_sch;#PWR040;FC01_Project:POWER__+5V;"Network/power symbol; footprint, 3D and purchase not applicable"
POWER.kicad_sch;C28;FC01_Project:POWER__C_Small;Physical PCB reference
POWER.kicad_sch;R11;FC01_Project:POWER__R_Small;Physical PCB reference
POWER.kicad_sch;#PWR030;FC01_Project:POWER__+9V;"Network/power symbol; footprint, 3D and purchase not applicable"
POWER.kicad_sch;C19;FC01_Project:POWER__C_Small;Physical PCB reference
POWER.kicad_sch;C21;FC01_Project:POWER__C_Small;Physical PCB reference
POWER.kicad_sch;#PWR041;FC01_Project:POWER__+5V;"Network/power symbol; footprint, 3D and purchase not applicable"
POWER.kicad_sch;U3;FC01_Project:POWER__LMR43620R5RPER;Physical PCB reference
POWER.kicad_sch;C25;FC01_Project:POWER__C_Small;Physical PCB reference
POWER.kicad_sch;#PWR033;FC01_Project:POWER__GND;"Network/power symbol; footprint, 3D and purchase not applicable"
POWER.kicad_sch;R9;FC01_Project:POWER__R_Small;Physical PCB reference
POWER.kicad_sch;#PWR031;FC01_Project:POWER__GND;"Network/power symbol; footprint, 3D and purchase not applicable"
POWER.kicad_sch;C22;FC01_Project:POWER__C_Small;Physical PCB reference
POWER.kicad_sch;#PWR044;FC01_Project:POWER__GND;"Network/power symbol; footprint, 3D and purchase not applicable"
POWER.kicad_sch;#PWR029;FC01_Project:POWER__GND;"Network/power symbol; footprint, 3D and purchase not applicable"
POWER.kicad_sch;#PWR034;FC01_Project:POWER__GND;"Network/power symbol; footprint, 3D and purchase not applicable"
POWER.kicad_sch;C29;FC01_Project:POWER__C_Small;Physical PCB reference
POWER.kicad_sch;#PWR046;FC01_Project:POWER__GND;"Network/power symbol; footprint, 3D and purchase not applicable"
POWER.kicad_sch;#PWR026;FC01_Project:POWER__GND;"Network/power symbol; footprint, 3D and purchase not applicable"
POWER.kicad_sch;#PWR032;FC01_Project:POWER__GND;"Network/power symbol; footprint, 3D and purchase not applicable"
POWER.kicad_sch;R8;FC01_Project:POWER__R_Small;Physical PCB reference
POWER.kicad_sch;#PWR049;FC01_Project:POWER__+3V3;"Network/power symbol; footprint, 3D and purchase not applicable"
POWER.kicad_sch;#PWR042;FC01_Project:POWER__GND;"Network/power symbol; footprint, 3D and purchase not applicable"
POWER.kicad_sch;D2;FC01_Project:POWER__SMAJ30CA;Physical PCB reference
POWER.kicad_sch;C32;FC01_Project:POWER__C_Small;Physical PCB reference
POWER.kicad_sch;#PWR051;FC01_Project:POWER__+3V3;"Network/power symbol; footprint, 3D and purchase not applicable"
POWER.kicad_sch;U4;FC01_Project:POWER__LMR604303SRAKRQ1;Physical PCB reference
POWER.kicad_sch;#PWR035;FC01_Project:POWER__GND;"Network/power symbol; footprint, 3D and purchase not applicable"
POWER.kicad_sch;R12;FC01_Project:POWER__R_Small;Physical PCB reference
POWER.kicad_sch;C31;FC01_Project:POWER__C_Small;Physical PCB reference
POWER.kicad_sch;C16;FC01_Project:POWER__C_Small;Physical PCB reference
POWER.kicad_sch;R10;FC01_Project:POWER__R_Small;Physical PCB reference
POWER.kicad_sch;R13;FC01_Project:POWER__R_Small;Physical PCB reference
POWER.kicad_sch;#PWR050;FC01_Project:POWER__GND;"Network/power symbol; footprint, 3D and purchase not applicable"
POWER.kicad_sch;D4;FC01_Project:POWER__1N5819WS;Physical PCB reference
POWER.kicad_sch;#PWR025;FC01_Project:POWER__GND;"Network/power symbol; footprint, 3D and purchase not applicable"
POWER.kicad_sch;C20;FC01_Project:POWER__C_Small;Physical PCB reference
POWER.kicad_sch;C24;FC01_Project:POWER__C_Small;Physical PCB reference
POWER.kicad_sch;C23;FC01_Project:POWER__C_Small;Physical PCB reference
POWER.kicad_sch;#PWR024;FC01_Project:POWER__VAA;"Network/power symbol; footprint, 3D and purchase not applicable"
POWER.kicad_sch;#PWR028;FC01_Project:POWER__GND;"Network/power symbol; footprint, 3D and purchase not applicable"
POWER.kicad_sch;L1;FC01_Project:POWER__L;Physical PCB reference
POWER.kicad_sch;#PWR045;FC01_Project:POWER__GND;"Network/power symbol; footprint, 3D and purchase not applicable"
POWER.kicad_sch;#PWR043;FC01_Project:POWER__+5V;"Network/power symbol; footprint, 3D and purchase not applicable"
POWER.kicad_sch;C26;FC01_Project:POWER__C_Small;Physical PCB reference
POWER.kicad_sch;C18;FC01_Project:POWER__C_Small;Physical PCB reference
POWER.kicad_sch;#PWR038;FC01_Project:POWER__+9V;"Network/power symbol; footprint, 3D and purchase not applicable"
POWER.kicad_sch;C17;FC01_Project:POWER__C_Small;Physical PCB reference
POWER.kicad_sch;#PWR052;FC01_Project:POWER__GND;"Network/power symbol; footprint, 3D and purchase not applicable"
POWER.kicad_sch;#PWR037;FC01_Project:POWER__VBUS;"Network/power symbol; footprint, 3D and purchase not applicable"
POWER.kicad_sch;C27;FC01_Project:POWER__C_Small;Physical PCB reference
POWER.kicad_sch;C30;FC01_Project:POWER__C_Small;Physical PCB reference
UART_I2C.kicad_sch;R20;FC01_Project:UART_I2C__R_Small;Physical PCB reference
UART_I2C.kicad_sch;R24;FC01_Project:UART_I2C__R_Small;Physical PCB reference
UART_I2C.kicad_sch;J5;FC01_Project:UART_I2C__Conn_01x04;Physical PCB reference
UART_I2C.kicad_sch;R26;FC01_Project:UART_I2C__R_Small;Physical PCB reference
UART_I2C.kicad_sch;R33;FC01_Project:UART_I2C__R_Small;Physical PCB reference
UART_I2C.kicad_sch;R30;FC01_Project:UART_I2C__R_Small;Physical PCB reference
UART_I2C.kicad_sch;#PWR073;FC01_Project:UART_I2C__+5V;"Network/power symbol; footprint, 3D and purchase not applicable"
UART_I2C.kicad_sch;R22;FC01_Project:UART_I2C__R_Small;Physical PCB reference
UART_I2C.kicad_sch;J6;FC01_Project:UART_I2C__Conn_01x04;Physical PCB reference
UART_I2C.kicad_sch;C41;FC01_Project:UART_I2C__C_Small;Physical PCB reference
UART_I2C.kicad_sch;R27;FC01_Project:UART_I2C__R_Small;Physical PCB reference
UART_I2C.kicad_sch;#PWR079;FC01_Project:UART_I2C__GND;"Network/power symbol; footprint, 3D and purchase not applicable"
UART_I2C.kicad_sch;J3;FC01_Project:UART_I2C__Conn_01x04;Physical PCB reference
UART_I2C.kicad_sch;#PWR074;FC01_Project:UART_I2C__GND;"Network/power symbol; footprint, 3D and purchase not applicable"
UART_I2C.kicad_sch;#PWR077;FC01_Project:UART_I2C__+5V;"Network/power symbol; footprint, 3D and purchase not applicable"
UART_I2C.kicad_sch;J7;FC01_Project:UART_I2C__Conn_01x04;Physical PCB reference
UART_I2C.kicad_sch;C37;FC01_Project:UART_I2C__C_Small;Physical PCB reference
UART_I2C.kicad_sch;#PWR066;FC01_Project:UART_I2C__GND;"Network/power symbol; footprint, 3D and purchase not applicable"
UART_I2C.kicad_sch;#PWR078;FC01_Project:UART_I2C__GND;"Network/power symbol; footprint, 3D and purchase not applicable"
UART_I2C.kicad_sch;R28;FC01_Project:UART_I2C__R_Small;Physical PCB reference
UART_I2C.kicad_sch;C38;FC01_Project:UART_I2C__C_Small;Physical PCB reference
UART_I2C.kicad_sch;#PWR068;FC01_Project:UART_I2C__GND;"Network/power symbol; footprint, 3D and purchase not applicable"
UART_I2C.kicad_sch;#PWR069;FC01_Project:UART_I2C__GND;"Network/power symbol; footprint, 3D and purchase not applicable"
UART_I2C.kicad_sch;#PWR071;FC01_Project:UART_I2C__+5V;"Network/power symbol; footprint, 3D and purchase not applicable"
UART_I2C.kicad_sch;R29;FC01_Project:UART_I2C__R_Small;Physical PCB reference
UART_I2C.kicad_sch;#PWR070;FC01_Project:UART_I2C__GND;"Network/power symbol; footprint, 3D and purchase not applicable"
UART_I2C.kicad_sch;R21;FC01_Project:UART_I2C__R_Small;Physical PCB reference
UART_I2C.kicad_sch;R31;FC01_Project:UART_I2C__R_Small;Physical PCB reference
UART_I2C.kicad_sch;#PWR072;FC01_Project:UART_I2C__GND;"Network/power symbol; footprint, 3D and purchase not applicable"
UART_I2C.kicad_sch;#PWR064;FC01_Project:UART_I2C__GND;"Network/power symbol; footprint, 3D and purchase not applicable"
UART_I2C.kicad_sch;R25;FC01_Project:UART_I2C__R_Small;Physical PCB reference
UART_I2C.kicad_sch;#PWR062;FC01_Project:UART_I2C__+5V;"Network/power symbol; footprint, 3D and purchase not applicable"
UART_I2C.kicad_sch;C40;FC01_Project:UART_I2C__C_Small;Physical PCB reference
UART_I2C.kicad_sch;#PWR076;FC01_Project:UART_I2C__GND;"Network/power symbol; footprint, 3D and purchase not applicable"
UART_I2C.kicad_sch;J2;FC01_Project:UART_I2C__Conn_01x04;Physical PCB reference
UART_I2C.kicad_sch;R32;FC01_Project:UART_I2C__R_Small;Physical PCB reference
UART_I2C.kicad_sch;J4;FC01_Project:UART_I2C__Conn_01x06;Physical PCB reference
UART_I2C.kicad_sch;#PWR067;FC01_Project:UART_I2C__+9V;"Network/power symbol; footprint, 3D and purchase not applicable"
UART_I2C.kicad_sch;C36;FC01_Project:UART_I2C__C_Small;Physical PCB reference
UART_I2C.kicad_sch;R23;FC01_Project:UART_I2C__R_Small;Physical PCB reference
UART_I2C.kicad_sch;#PWR063;FC01_Project:UART_I2C__GND;"Network/power symbol; footprint, 3D and purchase not applicable"
UART_I2C.kicad_sch;C39;FC01_Project:UART_I2C__C_Small;Physical PCB reference
UART_I2C.kicad_sch;#PWR065;FC01_Project:UART_I2C__+5V;"Network/power symbol; footprint, 3D and purchase not applicable"
UART_I2C.kicad_sch;#PWR075;FC01_Project:UART_I2C__GND;"Network/power symbol; footprint, 3D and purchase not applicable"
BUZZER.kicad_sch;#PWR0120;FC01_Project:BUZZER__GND;"Network/power symbol; footprint, 3D and purchase not applicable"
BUZZER.kicad_sch;R40;FC01_Project:BUZZER__R_Small;Physical PCB reference
BUZZER.kicad_sch;J11;FC01_Project:BUZZER__Conn_01x03;Physical PCB reference
BUZZER.kicad_sch;#PWR0116;FC01_Project:BUZZER__+5V;"Network/power symbol; footprint, 3D and purchase not applicable"
BUZZER.kicad_sch;#PWR0118;FC01_Project:BUZZER__GND;"Network/power symbol; footprint, 3D and purchase not applicable"
BUZZER.kicad_sch;R39;FC01_Project:BUZZER__R_Small;Physical PCB reference
BUZZER.kicad_sch;#PWR0119;FC01_Project:BUZZER__+5V;"Network/power symbol; footprint, 3D and purchase not applicable"
BUZZER.kicad_sch;Q1;FC01_Project:BUZZER__AO3400A;Physical PCB reference
BUZZER.kicad_sch;#PWR0117;FC01_Project:BUZZER__GND;"Network/power symbol; footprint, 3D and purchase not applicable"
BUZZER.kicad_sch;J10;FC01_Project:BUZZER__Conn_01x03;Physical PCB reference
